user_id,name,country,loyalty_tier,signup_date,referred_by
1,Rohan Lim,ID,silver,2024-01-01,
2,Chloe Muller,SG,gold,2024-01-01,
3,Hui Iyer,ID,platinum,2024-01-01,
4,Rahul Patel,MY,bronze,2024-01-01,
5,Rohan Koh,SG,silver,2024-01-02,
6,Farah Wong,SG,gold,2024-01-02,4
7,Oliver Clark,MY,bronze,2024-01-02,
8,Rohan Iyer,ID,platinum,2024-01-03,
9,Jun Hassan,AU,bronze,2024-01-03,
10,Ken Ismail,GB,silver,2024-01-03,5
11,Siti Sharma,AU,silver,2024-01-04,2
12,Leila Zhang,MY,bronze,2024-01-04,
13,Daniel Hassan,SG,silver,2024-01-04,4
14,Max Teo,MY,bronze,2024-01-05,3
15,Hana Tanaka,MY,bronze,2024-01-05,
16,Ruby Brown,SG,bronze,2024-01-05,15
17,Noah Teo,IN,silver,2024-01-06,13
18,Siti Santoso,SG,bronze,2024-01-06,
19,Jun Smith,IN,bronze,2024-01-06,
20,Daniel Putri,SG,bronze,2024-01-07,5
21,Yuki Chan,SG,gold,2024-01-07,
22,Jun Ng,SG,bronze,2024-01-07,4
23,Priya Wong,GB,silver,2024-01-08,1
24,Aiko Brown,IN,bronze,2024-01-08,2
25,Wei Santoso,AU,bronze,2024-01-08,14
26,Grace Jones,SG,gold,2024-01-08,
27,Chloe Lim,SG,platinum,2024-01-09,26
28,Mia Wijaya,SG,silver,2024-01-09,9
29,Sanjay Schmidt,ID,bronze,2024-01-09,26
30,Li Hassan,ID,gold,2024-01-10,13
31,Ken Wong,ID,gold,2024-01-10,
32,Lucas Iyer,IN,platinum,2024-01-10,23
33,Ken Ismail,ID,bronze,2024-01-11,29
34,Devi Ng,SG,bronze,2024-01-11,19
35,Devi Putri,AU,bronze,2024-01-11,
36,Kai Clark,ID,bronze,2024-01-12,15
37,Emma Muller,AU,gold,2024-01-12,9
38,Ethan Lim,IN,bronze,2024-01-12,6
39,Emma Chua,GB,bronze,2024-01-13,8
40,Amir Wong,ID,bronze,2024-01-13,16
41,Leila Muller,IN,gold,2024-01-13,
42,Mia Weber,IN,bronze,2024-01-14,
43,Siti Brown,AU,bronze,2024-01-14,21
44,Grace Pratama,ID,bronze,2024-01-14,
45,Sanjay Santoso,SG,silver,2024-01-15,
46,Amir Santoso,MY,silver,2024-01-15,38
47,Grace Sato,MY,bronze,2024-01-15,3
48,Ruby Ong,IN,silver,2024-01-16,31
49,Li Koh,SG,silver,2024-01-16,34
50,Jun Koh,ID,silver,2024-01-16,12
51,Farah Hassan,ID,bronze,2024-01-16,8
52,Aiko Muller,ID,silver,2024-01-17,28
53,Kenji Abdullah,MY,silver,2024-01-17,34
54,Max Putri,ID,bronze,2024-01-17,26
55,Sanjay Ito,SG,platinum,2024-01-18,40
56,Leila Rahman,ID,silver,2024-01-18,16
57,Zara Mori,US,gold,2024-01-18,18
58,Max Ito,US,bronze,2024-01-19,51
59,Leila Rahman,ID,bronze,2024-01-19,22
60,Nurul Wong,ID,platinum,2024-01-19,38
61,Sakura Lee,IN,bronze,2024-01-20,45
62,Sanjay Kumar,GB,bronze,2024-01-20,19
63,Hiro Santoso,SG,gold,2024-01-20,
64,Vikram Schmidt,IN,bronze,2024-01-21,16
65,Sanjay Schmidt,SG,gold,2024-01-21,45
66,Rahul Koh,SG,bronze,2024-01-21,2
67,Noah Singh,AU,bronze,2024-01-22,
68,Noah Mori,US,silver,2024-01-22,47
69,Aiko Taylor,ID,silver,2024-01-22,10
70,Yuki Yeo,MY,bronze,2024-01-23,
71,Omar Gupta,GB,bronze,2024-01-23,
72,Amir Patel,DE,bronze,2024-01-23,
73,Rohan Lim,SG,bronze,2024-01-23,
74,Farah Rahman,DE,bronze,2024-01-24,
75,Hana Zhang,ID,bronze,2024-01-24,
76,Kai Teo,IN,bronze,2024-01-24,6
77,Kenji Gupta,SG,silver,2024-01-25,
78,Hui Patel,MY,bronze,2024-01-25,
79,Jia Pratama,ID,silver,2024-01-25,20
80,Ming Patel,ID,bronze,2024-01-26,55
81,Ken Weber,IN,silver,2024-01-26,29
82,Li Goh,MY,bronze,2024-01-26,35
83,Farah Nair,IN,bronze,2024-01-27,42
84,Ravi Suzuki,SG,silver,2024-01-27,35
85,Ravi Wilson,MY,bronze,2024-01-27,49
86,Amir Sharma,MY,bronze,2024-01-28,38
87,Ethan Wang,MY,gold,2024-01-28,52
88,Ananya Koh,ID,silver,2024-01-28,19
89,Daniel Kumar,ID,bronze,2024-01-29,
90,Arjun Nair,GB,silver,2024-01-29,37
91,Liam Ismail,IN,bronze,2024-01-29,78
92,Jia Chan,SG,bronze,2024-01-30,
93,Yuki Santoso,DE,bronze,2024-01-30,
94,Arjun Chan,MY,silver,2024-01-30,
95,Hana Jones,ID,bronze,2024-01-31,49
96,Devi Abdullah,JP,silver,2024-01-31,
97,Zara Rahman,JP,bronze,2024-01-31,33
98,Kai Hassan,MY,bronze,2024-01-31,
99,Siti Lim,SG,gold,2024-02-01,29
100,Priya Ito,ID,bronze,2024-02-01,94
101,Siti Ismail,DE,bronze,2024-02-01,31
102,Amir Taylor,AU,bronze,2024-02-02,65
103,Chloe Tanaka,SG,bronze,2024-02-02,31
104,Arjun Singh,GB,bronze,2024-02-02,
105,Chloe Santoso,ID,bronze,2024-02-03,
106,Ravi Patel,SG,silver,2024-02-03,
107,Bao Ng,SG,silver,2024-02-03,78
108,Lucas Wong,SG,silver,2024-02-04,103
109,Leila Muller,SG,bronze,2024-02-04,73
110,Tao Wijaya,SG,gold,2024-02-04,
111,Rahul Suzuki,DE,silver,2024-02-05,92
112,Daniel Tanaka,DE,silver,2024-02-05,64
113,Yuki Abdullah,SG,gold,2024-02-05,88
114,Imran Muller,SG,bronze,2024-02-06,67
115,Arjun Yeo,AU,bronze,2024-02-06,65
116,Aiko Chua,SG,bronze,2024-02-06,74
117,Ming Chua,SG,bronze,2024-02-07,57
118,Ravi Wilson,AU,bronze,2024-02-07,41
119,Li Clark,MY,bronze,2024-02-07,66
120,Jun Kato,MY,bronze,2024-02-07,113
121,Kai Zhang,JP,bronze,2024-02-08,7
122,Nurul Hall,US,bronze,2024-02-08,
123,Mia Kumar,ID,bronze,2024-02-08,
124,Sanjay Koh,SG,bronze,2024-02-09,15
125,Jia Sato,SG,silver,2024-02-09,
126,Sanjay Smith,MY,silver,2024-02-09,108
127,Max Sato,ID,bronze,2024-02-10,
128,Yuki Schmidt,AU,silver,2024-02-10,117
129,Kai Wang,DE,silver,2024-02-10,123
130,Sanjay Muller,SG,silver,2024-02-11,74
131,Grace Sato,IN,silver,2024-02-11,63
132,Ananya Ong,US,bronze,2024-02-11,74
133,Chloe Schmidt,ID,silver,2024-02-12,
134,Omar Chen,JP,silver,2024-02-12,35
135,Aisha Taylor,MY,bronze,2024-02-12,
136,Hiro Chua,IN,gold,2024-02-13,85
137,Amir Weber,SG,gold,2024-02-13,
138,Grace Putri,JP,silver,2024-02-13,117
139,Priya Ng,JP,gold,2024-02-14,
140,Vikram Wilson,SG,bronze,2024-02-14,138
141,Daniel Sato,SG,bronze,2024-02-14,
142,Emma Nair,US,gold,2024-02-15,
143,Yuki Iyer,IN,bronze,2024-02-15,139
144,Wei Brown,SG,bronze,2024-02-15,59
145,Nurul Chan,ID,bronze,2024-02-15,13
146,Oliver Pratama,ID,platinum,2024-02-16,143
147,Imran Ong,DE,silver,2024-02-16,
148,Ruby Clark,AU,silver,2024-02-16,63
149,Ella Smith,MY,bronze,2024-02-17,86
150,Devi Lee,ID,bronze,2024-02-17,73
151,Leila Ho,MY,silver,2024-02-17,67
152,Sakura Yeo,DE,bronze,2024-02-18,126
153,Zara Iyer,MY,silver,2024-02-18,
154,Wei Hassan,JP,silver,2024-02-18,124
155,Farah Chua,SG,gold,2024-02-19,
156,Aisha Gupta,SG,bronze,2024-02-19,63
157,Mia Chan,SG,gold,2024-02-19,85
158,Emma Mori,SG,platinum,2024-02-20,54
159,Hana Ito,SG,silver,2024-02-20,
160,Nurul Mori,MY,bronze,2024-02-20,48
161,Ravi Goh,SG,bronze,2024-02-21,79
162,Hiro Tanaka,SG,bronze,2024-02-21,
163,Vikram Patel,SG,bronze,2024-02-21,43
164,Lucas Kumar,MY,gold,2024-02-22,159
165,Sofia Singh,MY,silver,2024-02-22,81
166,Li Nair,JP,gold,2024-02-22,30
167,Daniel Nair,DE,bronze,2024-02-22,105
168,Max Chan,MY,silver,2024-02-23,130
169,Rahul Nair,MY,bronze,2024-02-23,166
170,Chloe Iyer,JP,bronze,2024-02-23,129
171,Hiro Mori,SG,bronze,2024-02-24,25
172,Oliver Goh,SG,bronze,2024-02-24,144
173,Bao Singh,ID,silver,2024-02-24,17
174,Ravi Suzuki,SG,bronze,2024-02-25,90
175,Leila Santoso,ID,bronze,2024-02-25,37
176,Tao Tanaka,SG,bronze,2024-02-25,81
177,Priya Wilson,SG,silver,2024-02-26,168
178,Hana Taylor,MY,silver,2024-02-26,
179,Mei Wilson,MY,bronze,2024-02-26,31
180,Mei Muller,US,bronze,2024-02-27,83
181,Ken Sharma,MY,silver,2024-02-27,
182,Kai Smith,DE,silver,2024-02-27,95
183,Ruby Ng,SG,silver,2024-02-28,83
184,Sanjay Tanaka,US,bronze,2024-02-28,
185,Leila Sharma,AU,bronze,2024-02-28,
186,Oliver Gupta,SG,bronze,2024-02-29,34
187,Mia Tan,IN,bronze,2024-02-29,27
188,Oliver Singh,JP,bronze,2024-02-29,55
189,Sofia Ito,MY,bronze,2024-03-01,64
190,Ken Wong,SG,bronze,2024-03-01,19
191,Sakura Putri,IN,bronze,2024-03-01,11
192,Ruby Yeo,IN,bronze,2024-03-01,131
193,Ella Tanaka,AU,bronze,2024-03-02,187
194,Bao Wong,ID,bronze,2024-03-02,
195,Nurul Santoso,GB,gold,2024-03-02,146
196,Hui Singh,SG,bronze,2024-03-03,183
197,Yuki Singh,SG,bronze,2024-03-03,129
198,Ethan Kato,GB,silver,2024-03-03,75
199,Hui Kumar,SG,bronze,2024-03-04,2
200,Sanjay Zhang,ID,silver,2024-03-04,126
201,Hana Muller,SG,gold,2024-03-04,130
202,Ken Smith,ID,bronze,2024-03-05,198
203,Zara Ng,IN,bronze,2024-03-05,
204,Lucas Wijaya,JP,bronze,2024-03-05,
205,Siti Chen,SG,gold,2024-03-06,166
206,Isla Brown,IN,bronze,2024-03-06,147
207,Ella Wang,ID,silver,2024-03-06,
208,Rahul Abdullah,SG,silver,2024-03-07,145
209,Ananya Santoso,SG,bronze,2024-03-07,203
210,Siti Ng,SG,bronze,2024-03-07,
211,Ravi Ng,SG,silver,2024-03-08,1
212,Amir Reddy,GB,bronze,2024-03-08,
213,Hui Gupta,SG,bronze,2024-03-08,78
214,Isla Jones,IN,bronze,2024-03-08,180
215,Chloe Nair,SG,bronze,2024-03-09,85
216,Grace Wilson,IN,silver,2024-03-09,90
217,Hui Wong,ID,gold,2024-03-09,19
218,Leila Abdullah,IN,bronze,2024-03-10,153
219,Nurul Ng,MY,bronze,2024-03-10,85
220,Max Taylor,SG,bronze,2024-03-10,170
221,Imran Ng,US,silver,2024-03-11,98
222,Aiko Weber,SG,gold,2024-03-11,138
223,Oliver Wijaya,DE,silver,2024-03-11,43
224,Sanjay Weber,ID,silver,2024-03-12,
225,Jun Goh,IN,silver,2024-03-12,39
226,Yuki Kumar,SG,bronze,2024-03-12,45
227,Siti Wijaya,MY,gold,2024-03-13,26
228,Hiro Wong,MY,bronze,2024-03-13,125
229,Farah Zhang,JP,bronze,2024-03-13,218
230,Ming Abdullah,JP,bronze,2024-03-14,32
231,Aiko Smith,SG,bronze,2024-03-14,
232,Rahul Taylor,IN,gold,2024-03-14,200
233,Isla Chua,ID,bronze,2024-03-15,
234,Noah Kumar,IN,bronze,2024-03-15,
235,Leila Ito,DE,bronze,2024-03-15,71
236,Chloe Kato,AU,silver,2024-03-16,100
237,Max Pratama,SG,bronze,2024-03-16,122
238,Chloe Yeo,SG,bronze,2024-03-16,67
239,Jia Weber,SG,gold,2024-03-16,
240,Mia Iyer,SG,gold,2024-03-17,223
241,Hiro Wilson,AU,bronze,2024-03-17,21
242,Aisha Singh,AU,bronze,2024-03-17,
243,Liam Hall,ID,bronze,2024-03-18,2
244,Rahul Jones,AU,bronze,2024-03-18,35
245,Mei Hall,DE,silver,2024-03-18,
246,Max Patel,IN,bronze,2024-03-19,6
247,Ken Taylor,JP,platinum,2024-03-19,36
248,Max Ito,SG,bronze,2024-03-19,105
249,Noah Taylor,ID,bronze,2024-03-20,186
250,Chloe Santoso,SG,bronze,2024-03-20,11
251,Mia Ho,MY,silver,2024-03-20,214
252,Liam Ismail,IN,silver,2024-03-21,
253,Tao Abdullah,SG,bronze,2024-03-21,187
254,Devi Lee,ID,bronze,2024-03-21,249
255,Leila Chan,ID,bronze,2024-03-22,155
256,Rohan Sato,AU,bronze,2024-03-22,
257,Arjun Abdullah,ID,silver,2024-03-22,50
258,Aiko Clark,SG,gold,2024-03-23,
259,Zara Santoso,IN,bronze,2024-03-23,69
260,Sofia Muller,MY,bronze,2024-03-23,
261,Imran Koh,SG,bronze,2024-03-23,69
262,Grace Clark,ID,silver,2024-03-24,
263,Mei Chan,SG,bronze,2024-03-24,147
264,Kenji Weber,US,silver,2024-03-24,
265,Mei Goh,MY,gold,2024-03-25,
266,Sakura Mori,IN,silver,2024-03-25,
267,Aisha Chen,ID,gold,2024-03-25,
268,Ananya Ismail,SG,bronze,2024-03-26,166
269,Leila Tan,SG,bronze,2024-03-26,207
270,Priya Goh,SG,silver,2024-03-26,125
271,Hiro Putri,ID,silver,2024-03-27,265
272,Daniel Mori,IN,bronze,2024-03-27,110
273,Kai Teo,MY,bronze,2024-03-27,
274,Grace Abdullah,ID,bronze,2024-03-28,4
275,Siti Kumar,SG,silver,2024-03-28,152
276,Ruby Pratama,ID,bronze,2024-03-28,
277,Ravi Ito,ID,silver,2024-03-29,35
278,Amir Tanaka,IN,bronze,2024-03-29,79
279,Lucas Putri,SG,silver,2024-03-29,229
280,Jia Chua,AU,bronze,2024-03-30,39
281,Isla Ho,SG,bronze,2024-03-30,134
282,Liam Zhang,MY,gold,2024-03-30,92
283,Ananya Goh,IN,bronze,2024-03-31,
284,Zara Yeo,SG,bronze,2024-03-31,40
285,Leila Ong,SG,bronze,2024-03-31,61
286,Wei Kato,AU,silver,2024-03-31,83
287,Hiro Kato,IN,gold,2024-04-01,
288,Arjun Putri,ID,bronze,2024-04-01,36
289,Amir Lee,IN,bronze,2024-04-01,67
290,Ethan Tan,AU,silver,2024-04-02,
291,Aiko Chua,AU,bronze,2024-04-02,61
292,Lucas Chan,SG,bronze,2024-04-02,
293,Grace Hall,MY,bronze,2024-04-03,
294,Ethan Chan,GB,bronze,2024-04-03,41
295,Ming Chan,MY,silver,2024-04-03,262
296,Jia Wang,MY,silver,2024-04-04,36
297,Sakura Wilson,SG,bronze,2024-04-04,100
298,Vikram Clark,US,bronze,2024-04-04,248
299,Sanjay Taylor,SG,bronze,2024-04-05,196
300,Rahul Wijaya,JP,gold,2024-04-05,176
301,Farah Ito,SG,silver,2024-04-05,55
302,Kai Ho,AU,bronze,2024-04-06,204
303,Chloe Zhang,SG,bronze,2024-04-06,266
304,Emma Wijaya,SG,gold,2024-04-06,191
305,Jun Zhang,MY,silver,2024-04-07,5
306,Tao Mori,MY,bronze,2024-04-07,
307,Daniel Sharma,SG,bronze,2024-04-07,238
308,Ken Zhang,AU,bronze,2024-04-07,150
309,Kenji Wong,GB,bronze,2024-04-08,86
310,Hiro Lim,SG,bronze,2024-04-08,204
311,Imran Nair,SG,gold,2024-04-08,
312,Yuki Zhang,MY,bronze,2024-04-09,303
313,Aisha Gupta,GB,gold,2024-04-09,268
314,Imran Zhang,SG,gold,2024-04-09,5
315,Noah Yeo,AU,silver,2024-04-10,128
316,Lucas Reddy,MY,bronze,2024-04-10,36
317,Ken Chua,SG,bronze,2024-04-10,8
318,Hana Brown,AU,bronze,2024-04-11,129
319,Liam Suzuki,SG,silver,2024-04-11,49
320,Aisha Lee,ID,silver,2024-04-11,27
321,Kenji Tanaka,ID,bronze,2024-04-12,80
322,Lucas Taylor,US,bronze,2024-04-12,178
323,Ken Koh,ID,silver,2024-04-12,151
324,Priya Patel,ID,bronze,2024-04-13,
325,Liam Weber,AU,bronze,2024-04-13,
326,Vikram Koh,SG,silver,2024-04-13,311
327,Kenji Kato,SG,bronze,2024-04-14,
328,Sanjay Chan,MY,bronze,2024-04-14,128
329,Hui Singh,IN,silver,2024-04-14,
330,Liam Tanaka,DE,bronze,2024-04-15,282
331,Nurul Tanaka,SG,gold,2024-04-15,114
332,Ananya Ito,JP,silver,2024-04-15,132
333,Oliver Ong,GB,bronze,2024-04-15,49
334,Bao Goh,SG,bronze,2024-04-16,
335,Nurul Tanaka,MY,bronze,2024-04-16,290
336,Ethan Ito,MY,silver,2024-04-16,
337,Ming Wijaya,MY,silver,2024-04-17,269
338,Siti Suzuki,AU,bronze,2024-04-17,157
339,Li Smith,ID,silver,2024-04-17,76
340,Jun Abdullah,SG,bronze,2024-04-18,319
341,Rohan Putri,SG,bronze,2024-04-18,139
342,Omar Abdullah,SG,silver,2024-04-18,
343,Wei Pratama,GB,bronze,2024-04-19,155
344,Lucas Clark,ID,silver,2024-04-19,202
345,Hui Suzuki,SG,gold,2024-04-19,
346,Hana Mori,GB,gold,2024-04-20,16
347,Sanjay Sato,SG,gold,2024-04-20,
348,Ruby Smith,SG,gold,2024-04-20,333
349,Sofia Teo,MY,bronze,2024-04-21,
350,Kai Mori,SG,bronze,2024-04-21,
351,Nurul Iyer,JP,bronze,2024-04-21,
352,Ethan Iyer,SG,bronze,2024-04-22,
353,Emma Lee,AU,gold,2024-04-22,84
354,Hana Schmidt,IN,bronze,2024-04-22,338
355,Rohan Ito,SG,silver,2024-04-22,104
356,Li Ng,SG,bronze,2024-04-23,210
357,Devi Santoso,SG,bronze,2024-04-23,75
358,Daniel Schmidt,ID,bronze,2024-04-23,305
359,Sanjay Hall,GB,platinum,2024-04-24,
360,Tao Santoso,US,bronze,2024-04-24,312
361,Chloe Wang,ID,silver,2024-04-24,100
362,Isla Lim,JP,bronze,2024-04-25,104
363,Bao Iyer,US,bronze,2024-04-25,
364,Wei Chen,DE,silver,2024-04-25,212
365,Hana Kumar,SG,bronze,2024-04-26,
366,Grace Kato,US,bronze,2024-04-26,20
367,Ella Ismail,SG,bronze,2024-04-26,51
368,Wei Wilson,AU,silver,2024-04-27,305
369,Ella Schmidt,ID,bronze,2024-04-27,103
370,Yuki Chen,JP,silver,2024-04-27,174
371,Vikram Kumar,IN,silver,2024-04-28,274
372,Grace Suzuki,MY,bronze,2024-04-28,119
373,Vikram Chua,ID,bronze,2024-04-28,179
374,Chloe Putri,IN,bronze,2024-04-29,82
375,Rohan Goh,MY,silver,2024-04-29,365
376,Aisha Rahman,IN,bronze,2024-04-29,112
377,Oliver Reddy,DE,bronze,2024-04-30,316
378,Priya Schmidt,US,bronze,2024-04-30,5
379,Max Tanaka,SG,bronze,2024-04-30,
380,Vikram Gupta,IN,bronze,2024-04-30,370
381,Mia Sato,AU,bronze,2024-05-01,261
382,Max Wong,IN,bronze,2024-05-01,354
383,Chloe Ong,MY,platinum,2024-05-01,314
384,Siti Tanaka,ID,gold,2024-05-02,86
385,Ananya Taylor,JP,bronze,2024-05-02,68
386,Hana Kato,IN,bronze,2024-05-02,271
387,Nurul Ismail,US,bronze,2024-05-03,
388,Leila Muller,MY,bronze,2024-05-03,
389,Daniel Tan,MY,bronze,2024-05-03,336
390,Rohan Koh,SG,gold,2024-05-04,180
391,Ken Teo,IN,silver,2024-05-04,310
392,Ethan Weber,MY,silver,2024-05-04,
393,Jun Nair,SG,bronze,2024-05-05,277
394,Kai Wilson,SG,silver,2024-05-05,1
395,Siti Zhang,ID,platinum,2024-05-05,
396,Bao Nair,AU,bronze,2024-05-06,236
397,Hana Lim,SG,bronze,2024-05-06,369
398,Wei Sato,GB,silver,2024-05-06,
399,Daniel Patel,SG,silver,2024-05-07,333
400,Aiko Chua,MY,platinum,2024-05-07,33
401,Sanjay Zhang,ID,bronze,2024-05-07,71
402,Jia Schmidt,MY,silver,2024-05-07,
403,Arjun Hall,SG,bronze,2024-05-08,
404,Ruby Putri,ID,bronze,2024-05-08,
405,Noah Smith,MY,bronze,2024-05-08,107
406,Daniel Brown,AU,silver,2024-05-09,
407,Ethan Goh,US,bronze,2024-05-09,102
408,Arjun Gupta,ID,bronze,2024-05-09,28
409,Isla Abdullah,ID,silver,2024-05-10,239
410,Vikram Muller,SG,bronze,2024-05-10,211
411,Arjun Lee,DE,silver,2024-05-10,
412,Max Kumar,SG,bronze,2024-05-11,218
413,Sanjay Chen,ID,bronze,2024-05-11,299
414,Amir Zhang,SG,silver,2024-05-11,
415,Jia Gupta,SG,silver,2024-05-12,364
416,Liam Suzuki,ID,bronze,2024-05-12,181
417,Sanjay Wong,SG,gold,2024-05-12,
418,Tao Rahman,US,bronze,2024-05-13,201
419,Liam Yeo,MY,silver,2024-05-13,151
420,Ken Ng,SG,bronze,2024-05-13,403
421,Nurul Abdullah,SG,bronze,2024-05-14,
422,Priya Lim,MY,bronze,2024-05-14,65
423,Ruby Wilson,IN,silver,2024-05-14,235
424,Kai Weber,US,bronze,2024-05-15,
425,Zara Chua,SG,bronze,2024-05-15,29
426,Noah Wang,MY,platinum,2024-05-15,29
427,Devi Tanaka,JP,silver,2024-05-15,
428,Imran Iyer,AU,silver,2024-05-16,156
429,Rahul Lim,JP,bronze,2024-05-16,96
430,Devi Santoso,ID,silver,2024-05-16,328
431,Amir Clark,ID,bronze,2024-05-17,62
432,Hiro Clark,SG,bronze,2024-05-17,352
433,Ken Koh,SG,bronze,2024-05-17,
434,Ming Rahman,SG,bronze,2024-05-18,
435,Liam Putri,AU,silver,2024-05-18,249
436,Ruby Chen,SG,bronze,2024-05-18,
437,Priya Wong,SG,bronze,2024-05-19,
438,Priya Hall,SG,gold,2024-05-19,101
439,Ella Wijaya,DE,bronze,2024-05-19,180
440,Rahul Ong,SG,platinum,2024-05-20,
441,Vikram Hall,AU,silver,2024-05-20,57
442,Kenji Chua,MY,silver,2024-05-20,
443,Priya Jones,JP,silver,2024-05-21,74
444,Kai Wang,ID,silver,2024-05-21,366
445,Wei Santoso,MY,silver,2024-05-21,249
446,Sakura Lim,DE,bronze,2024-05-22,319
447,Lucas Kumar,AU,bronze,2024-05-22,61
448,Tao Clark,DE,silver,2024-05-22,346
449,Wei Koh,MY,bronze,2024-05-22,146
450,Ravi Lee,ID,gold,2024-05-23,183
451,Zara Chan,MY,silver,2024-05-23,216
452,Kenji Clark,MY,bronze,2024-05-23,224
453,Ravi Wijaya,MY,bronze,2024-05-24,
454,Sakura Weber,US,gold,2024-05-24,344
455,Devi Singh,US,gold,2024-05-24,
456,Yuki Iyer,ID,platinum,2024-05-25,434
457,Leila Lee,DE,bronze,2024-05-25,19
458,Mia Mori,ID,bronze,2024-05-25,441
459,Sofia Hall,SG,silver,2024-05-26,298
460,Li Rahman,SG,bronze,2024-05-26,300
461,Aiko Brown,DE,gold,2024-05-26,210
462,Max Ng,IN,silver,2024-05-27,
463,Hiro Nair,IN,gold,2024-05-27,283
464,Ella Teo,US,silver,2024-05-27,
465,Leila Santoso,IN,silver,2024-05-28,
466,Hana Sato,US,bronze,2024-05-28,206
467,Imran Yeo,IN,bronze,2024-05-28,304
468,Mia Suzuki,SG,bronze,2024-05-29,237
469,Noah Mori,ID,bronze,2024-05-29,
470,Leila Iyer,SG,bronze,2024-05-29,
471,Jun Wong,SG,bronze,2024-05-30,
472,Max Zhang,SG,gold,2024-05-30,121
473,Farah Mori,MY,bronze,2024-05-30,92
474,Ruby Rahman,ID,gold,2024-05-30,
475,Ella Pratama,ID,bronze,2024-05-31,226
476,Max Clark,SG,platinum,2024-05-31,
477,Wei Schmidt,IN,silver,2024-05-31,393
478,Vikram Koh,DE,silver,2024-06-01,303
479,Imran Hall,MY,bronze,2024-06-01,23
480,Tao Teo,AU,gold,2024-06-01,395
481,Grace Muller,ID,bronze,2024-06-02,
482,Arjun Hassan,MY,bronze,2024-06-02,
483,Siti Schmidt,ID,bronze,2024-06-02,352
484,Kenji Hassan,MY,bronze,2024-06-03,
485,Siti Ong,US,bronze,2024-06-03,292
486,Siti Mori,DE,bronze,2024-06-03,233
487,Tao Kumar,IN,platinum,2024-06-04,223
488,Priya Lim,IN,bronze,2024-06-04,345
489,Grace Lim,US,silver,2024-06-04,247
490,Omar Clark,ID,silver,2024-06-05,292
491,Leila Wang,MY,bronze,2024-06-05,250
492,Ella Chan,ID,gold,2024-06-05,372
493,Noah Gupta,AU,silver,2024-06-06,
494,Hiro Santoso,JP,gold,2024-06-06,103
495,Ming Lee,AU,silver,2024-06-06,33
496,Ruby Suzuki,DE,silver,2024-06-06,
497,Li Zhang,SG,bronze,2024-06-07,440
498,Ken Tan,SG,silver,2024-06-07,260
499,Lucas Teo,MY,bronze,2024-06-07,259
500,Kai Lee,IN,silver,2024-06-08,437
501,Hui Mori,MY,bronze,2024-06-08,
502,Sakura Weber,JP,silver,2024-06-08,
503,Siti Lee,ID,bronze,2024-06-09,455
504,Wei Lim,US,bronze,2024-06-09,
505,Bao Hassan,MY,bronze,2024-06-09,427
506,Bao Chan,ID,silver,2024-06-10,64
507,Amir Iyer,SG,silver,2024-06-10,146
508,Liam Chua,US,silver,2024-06-10,
509,Zara Ismail,SG,bronze,2024-06-11,226
510,Yuki Schmidt,ID,silver,2024-06-11,383
511,Yuki Wilson,ID,bronze,2024-06-11,302
512,Vikram Nair,IN,bronze,2024-06-12,428
513,Hiro Reddy,SG,silver,2024-06-12,
514,Liam Wijaya,AU,bronze,2024-06-12,
515,Siti Putri,IN,bronze,2024-06-13,185
516,Nurul Kumar,DE,silver,2024-06-13,24
517,Ruby Hassan,MY,bronze,2024-06-13,334
518,Leila Tanaka,MY,bronze,2024-06-14,476
519,Isla Schmidt,IN,bronze,2024-06-14,513
520,Farah Teo,SG,bronze,2024-06-14,494
521,Ella Nair,SG,silver,2024-06-14,
522,Aiko Santoso,MY,gold,2024-06-15,216
523,Daniel Putri,SG,gold,2024-06-15,
524,Priya Iyer,MY,bronze,2024-06-15,127
525,Amir Lee,SG,gold,2024-06-16,21
526,Max Mori,ID,silver,2024-06-16,
527,Hui Muller,SG,silver,2024-06-16,67
528,Mei Singh,MY,platinum,2024-06-17,
529,Sanjay Teo,DE,gold,2024-06-17,478
530,Bao Chen,US,bronze,2024-06-17,338
531,Hana Patel,IN,silver,2024-06-18,349
532,Yuki Weber,IN,bronze,2024-06-18,63
533,Isla Weber,SG,silver,2024-06-18,54
534,Hana Santoso,SG,silver,2024-06-19,27
535,Aisha Ismail,ID,silver,2024-06-19,320
536,Bao Wijaya,JP,bronze,2024-06-19,520
537,Aisha Koh,SG,bronze,2024-06-20,479
538,Wei Pratama,SG,bronze,2024-06-20,245
539,Emma Yeo,JP,bronze,2024-06-20,369
540,Ella Wong,SG,gold,2024-06-21,
541,Ruby Weber,ID,gold,2024-06-21,195
542,Hui Sharma,JP,silver,2024-06-21,153
543,Sanjay Sato,AU,bronze,2024-06-21,172
544,Emma Wilson,SG,gold,2024-06-22,411
545,Oliver Nair,ID,bronze,2024-06-22,87
546,Sakura Yeo,SG,bronze,2024-06-22,
547,Jun Tan,AU,bronze,2024-06-23,122
548,Rahul Kato,AU,bronze,2024-06-23,414
549,Li Nair,MY,silver,2024-06-23,480
550,Mia Lee,GB,bronze,2024-06-24,132
551,Chloe Wilson,DE,silver,2024-06-24,
552,Amir Ismail,SG,bronze,2024-06-24,176
553,Yuki Teo,JP,silver,2024-06-25,
554,Sofia Ismail,MY,silver,2024-06-25,318
555,Ananya Weber,AU,bronze,2024-06-25,474
556,Daniel Gupta,AU,gold,2024-06-26,
557,Vikram Lim,SG,silver,2024-06-26,
558,Vikram Wong,SG,silver,2024-06-26,
559,Hiro Wong,IN,bronze,2024-06-27,
560,Yuki Nair,SG,bronze,2024-06-27,452
561,Wei Tan,MY,bronze,2024-06-27,
562,Ravi Pratama,IN,silver,2024-06-28,226
563,Vikram Jones,SG,silver,2024-06-28,
564,Rohan Singh,DE,silver,2024-06-28,378
565,Jia Nair,MY,silver,2024-06-29,137
566,Hana Mori,US,bronze,2024-06-29,14
567,Sanjay Kato,SG,gold,2024-06-29,41
568,Yuki Abdullah,AU,bronze,2024-06-29,188
569,Omar Teo,AU,silver,2024-06-30,255
570,Imran Hall,ID,bronze,2024-06-30,
571,Kai Ong,GB,platinum,2024-06-30,
572,Jun Kato,MY,silver,2024-07-01,502
573,Ella Ho,SG,silver,2024-07-01,378
574,Aisha Suzuki,AU,silver,2024-07-01,467
575,Zara Putri,IN,bronze,2024-07-02,
576,Sanjay Kumar,SG,bronze,2024-07-02,422
577,Ethan Ito,SG,gold,2024-07-02,100
578,Daniel Chen,SG,bronze,2024-07-03,218
579,Farah Ito,ID,bronze,2024-07-03,104
580,Sanjay Chua,AU,gold,2024-07-03,380
581,Grace Hassan,MY,bronze,2024-07-04,126
582,Omar Singh,IN,bronze,2024-07-04,
583,Ella Hassan,SG,bronze,2024-07-04,84
584,Grace Chan,ID,bronze,2024-07-05,562
585,Farah Jones,AU,silver,2024-07-05,92
586,Omar Mori,AU,silver,2024-07-05,
587,Omar Clark,GB,silver,2024-07-06,
588,Aiko Tanaka,ID,silver,2024-07-06,377
589,Vikram Rahman,IN,bronze,2024-07-06,405
590,Nurul Reddy,SG,silver,2024-07-06,36
591,Hiro Lim,ID,bronze,2024-07-07,
592,Lucas Singh,AU,silver,2024-07-07,357
593,Noah Rahman,SG,silver,2024-07-07,
594,Mei Suzuki,DE,silver,2024-07-08,10
595,Sanjay Chan,IN,silver,2024-07-08,153
596,Rahul Lim,ID,platinum,2024-07-08,
597,Ananya Chua,JP,bronze,2024-07-09,97
598,Li Chan,US,bronze,2024-07-09,550
599,Amir Putri,SG,platinum,2024-07-09,185
600,Liam Wang,IN,bronze,2024-07-10,255
601,Leila Abdullah,MY,bronze,2024-07-10,46
602,Sanjay Yeo,SG,bronze,2024-07-10,436
603,Priya Putri,SG,bronze,2024-07-11,524
604,Priya Santoso,ID,gold,2024-07-11,92
605,Imran Hall,US,bronze,2024-07-11,502
606,Devi Reddy,ID,bronze,2024-07-12,266
607,Siti Koh,SG,silver,2024-07-12,480
608,Zara Ho,DE,gold,2024-07-12,
609,Hiro Ho,GB,silver,2024-07-13,416
610,Amir Suzuki,MY,silver,2024-07-13,
611,Jun Smith,SG,silver,2024-07-13,
612,Vikram Weber,US,bronze,2024-07-14,313
613,Nurul Ong,SG,bronze,2024-07-14,472
614,Ming Mori,MY,bronze,2024-07-14,257
615,Farah Suzuki,MY,silver,2024-07-14,
616,Lucas Rahman,MY,bronze,2024-07-15,
617,Max Teo,SG,silver,2024-07-15,54
618,Farah Wijaya,GB,bronze,2024-07-15,
619,Zara Teo,IN,bronze,2024-07-16,94
620,Li Schmidt,ID,gold,2024-07-16,288
621,Rohan Zhang,SG,bronze,2024-07-16,190
622,Ethan Wijaya,AU,gold,2024-07-17,90
623,Jun Pratama,DE,gold,2024-07-17,560
624,Lucas Schmidt,SG,silver,2024-07-17,121
625,Kai Hall,SG,bronze,2024-07-18,
626,Noah Reddy,SG,bronze,2024-07-18,224
627,Leila Brown,DE,bronze,2024-07-18,547
628,Ming Jones,AU,bronze,2024-07-19,356
629,Ravi Muller,SG,silver,2024-07-19,17
630,Tao Kato,SG,bronze,2024-07-19,
631,Vikram Yeo,DE,bronze,2024-07-20,182
632,Arjun Tanaka,SG,bronze,2024-07-20,13
633,Hana Abdullah,MY,bronze,2024-07-20,615
634,Devi Rahman,SG,bronze,2024-07-21,557
635,Tao Abdullah,DE,bronze,2024-07-21,395
636,Rohan Rahman,SG,bronze,2024-07-21,
637,Amir Taylor,JP,silver,2024-07-21,436
638,Hui Sato,JP,bronze,2024-07-22,3
639,Grace Gupta,DE,silver,2024-07-22,286
640,Tao Putri,ID,bronze,2024-07-22,142
641,Lucas Suzuki,SG,bronze,2024-07-23,432
642,Omar Tanaka,SG,silver,2024-07-23,
643,Aisha Wilson,JP,bronze,2024-07-23,27
644,Aisha Schmidt,SG,bronze,2024-07-24,
645,Jun Wilson,ID,silver,2024-07-24,619
646,Vikram Sato,MY,silver,2024-07-24,161
647,Sakura Patel,SG,silver,2024-07-25,
648,Aisha Wang,AU,gold,2024-07-25,
649,Kenji Chen,MY,silver,2024-07-25,323
650,Leila Rahman,AU,bronze,2024-07-26,154
651,Li Weber,IN,gold,2024-07-26,
652,Siti Wong,SG,silver,2024-07-26,510
653,Priya Wilson,ID,bronze,2024-07-27,485
654,Aiko Ong,ID,bronze,2024-07-27,419
655,Hiro Wilson,MY,bronze,2024-07-27,
656,Vikram Lee,ID,gold,2024-07-28,474
657,Oliver Muller,SG,bronze,2024-07-28,219
658,Chloe Kumar,SG,bronze,2024-07-28,281
659,Rohan Wijaya,SG,silver,2024-07-29,487
660,Ravi Suzuki,JP,silver,2024-07-29,332
661,Bao Clark,SG,bronze,2024-07-29,4
662,Priya Gupta,ID,platinum,2024-07-29,
663,Hiro Putri,MY,bronze,2024-07-30,361
664,Devi Patel,ID,silver,2024-07-30,448
665,Leila Reddy,JP,bronze,2024-07-30,
666,Yuki Ong,IN,bronze,2024-07-31,
667,Mei Wilson,MY,gold,2024-07-31,
668,Ruby Koh,GB,gold,2024-07-31,178
669,Wei Mori,AU,platinum,2024-08-01,331
670,Farah Sharma,GB,silver,2024-08-01,367
671,Siti Wong,ID,bronze,2024-08-01,594
672,Bao Nair,JP,bronze,2024-08-02,
673,Isla Hall,ID,bronze,2024-08-02,183
674,Li Zhang,SG,bronze,2024-08-02,
675,Vikram Mori,JP,bronze,2024-08-03,226
676,Hana Teo,ID,bronze,2024-08-03,
677,Zara Taylor,ID,bronze,2024-08-03,111
678,Ken Singh,SG,bronze,2024-08-04,
679,Leila Ong,IN,bronze,2024-08-04,337
680,Jia Goh,SG,bronze,2024-08-04,
681,Kai Lee,US,gold,2024-08-05,590
682,Priya Zhang,GB,bronze,2024-08-05,661
683,Priya Ng,GB,bronze,2024-08-05,11
684,Bao Nair,IN,bronze,2024-08-05,628
685,Daniel Ito,SG,bronze,2024-08-06,490
686,Nurul Hassan,SG,bronze,2024-08-06,395
687,Kenji Rahman,ID,bronze,2024-08-06,
688,Priya Pratama,SG,bronze,2024-08-07,17
689,Tao Ismail,MY,silver,2024-08-07,515
690,Kai Chua,MY,bronze,2024-08-07,114
691,Sanjay Brown,SG,silver,2024-08-08,
692,Rohan Wang,DE,silver,2024-08-08,341
693,Yuki Mori,MY,bronze,2024-08-08,254
694,Hui Koh,SG,platinum,2024-08-09,559
695,Li Mori,SG,gold,2024-08-09,
696,Hana Ismail,SG,gold,2024-08-09,111
697,Ming Schmidt,SG,bronze,2024-08-10,340
698,Noah Clark,SG,bronze,2024-08-10,
699,Ken Pratama,SG,bronze,2024-08-10,361
700,Bao Goh,MY,platinum,2024-08-11,202
701,Lucas Ho,AU,bronze,2024-08-11,268
702,Aiko Reddy,MY,bronze,2024-08-11,205
703,Amir Tanaka,IN,gold,2024-08-12,421
704,Liam Iyer,JP,bronze,2024-08-12,
705,Mei Gupta,SG,bronze,2024-08-12,666
706,Priya Ismail,SG,bronze,2024-08-13,
707,Sakura Taylor,JP,silver,2024-08-13,518
708,Noah Schmidt,IN,gold,2024-08-13,
709,Yuki Lee,IN,gold,2024-08-13,684
710,Ming Hassan,US,bronze,2024-08-14,44
711,Lucas Muller,JP,silver,2024-08-14,538
712,Kai Wong,SG,gold,2024-08-14,
713,Sofia Patel,US,bronze,2024-08-15,99
714,Rohan Koh,US,gold,2024-08-15,
715,Ethan Sharma,ID,silver,2024-08-15,461
716,Chloe Santoso,IN,gold,2024-08-16,209
717,Lucas Wong,MY,silver,2024-08-16,
718,Hiro Schmidt,SG,silver,2024-08-16,
719,Jun Yeo,SG,bronze,2024-08-17,
720,Mei Brown,ID,silver,2024-08-17,343
721,Isla Sharma,US,bronze,2024-08-17,625
722,Rahul Lim,GB,bronze,2024-08-18,43
723,Lucas Teo,AU,bronze,2024-08-18,
724,Jia Tan,SG,silver,2024-08-18,121
725,Mei Tanaka,MY,bronze,2024-08-19,
726,Omar Wang,US,gold,2024-08-19,617
727,Liam Muller,MY,bronze,2024-08-19,310
728,Rahul Kumar,AU,bronze,2024-08-20,355
729,Isla Goh,ID,gold,2024-08-20,146
730,Ruby Chen,GB,gold,2024-08-20,46
731,Mei Patel,ID,gold,2024-08-20,
732,Farah Ho,DE,bronze,2024-08-21,
733,Jun Santoso,MY,bronze,2024-08-21,556
734,Farah Weber,ID,gold,2024-08-21,38
735,Zara Nair,ID,bronze,2024-08-22,265
736,Ella Lee,IN,bronze,2024-08-22,
737,Daniel Yeo,MY,bronze,2024-08-22,455
738,Jia Lim,SG,bronze,2024-08-23,622
739,Arjun Chan,AU,bronze,2024-08-23,733
740,Max Ismail,ID,bronze,2024-08-23,
741,Devi Zhang,SG,silver,2024-08-24,590
742,Jia Chan,SG,bronze,2024-08-24,371
743,Vikram Tan,SG,bronze,2024-08-24,322
744,Zara Ismail,GB,gold,2024-08-25,
745,Isla Patel,DE,bronze,2024-08-25,412
746,Lucas Kato,SG,silver,2024-08-25,
747,Emma Singh,MY,bronze,2024-08-26,
748,Hui Smith,MY,bronze,2024-08-26,100
749,Farah Rahman,SG,silver,2024-08-26,
750,Mia Teo,AU,bronze,2024-08-27,173
751,Priya Wang,JP,silver,2024-08-27,
752,Ravi Wijaya,US,silver,2024-08-27,77
753,Ananya Kato,ID,bronze,2024-08-28,
754,Isla Smith,AU,bronze,2024-08-28,91
755,Max Ito,ID,silver,2024-08-28,629
756,Max Suzuki,MY,bronze,2024-08-28,557
757,Wei Schmidt,SG,bronze,2024-08-29,496
758,Arjun Kumar,MY,bronze,2024-08-29,
759,Liam Smith,MY,bronze,2024-08-29,
760,Zara Chua,JP,bronze,2024-08-30,549
761,Farah Sharma,SG,bronze,2024-08-30,25
762,Yuki Muller,ID,bronze,2024-08-30,
763,Sanjay Putri,ID,bronze,2024-08-31,
764,Hana Jones,ID,bronze,2024-08-31,
765,Ruby Jones,SG,bronze,2024-08-31,
766,Ella Sato,ID,gold,2024-09-01,759
767,Hiro Koh,JP,bronze,2024-09-01,
768,Farah Ismail,MY,gold,2024-09-01,
769,Chloe Mori,AU,gold,2024-09-02,170
770,Ethan Gupta,SG,bronze,2024-09-02,537
771,Ken Chua,GB,silver,2024-09-02,640
772,Chloe Wilson,AU,silver,2024-09-03,208
773,Isla Rahman,SG,bronze,2024-09-03,755
774,Sofia Pratama,MY,silver,2024-09-03,80
775,Farah Reddy,SG,bronze,2024-09-04,
776,Ming Santoso,SG,bronze,2024-09-04,712
777,Zara Tan,IN,bronze,2024-09-04,687
778,Tao Santoso,ID,gold,2024-09-04,491
779,Priya Ng,MY,silver,2024-09-05,
780,Jia Kato,GB,bronze,2024-09-05,558
781,Siti Santoso,MY,bronze,2024-09-05,
782,Hui Sharma,SG,silver,2024-09-06,518
783,Leila Wijaya,AU,silver,2024-09-06,
784,Farah Wijaya,SG,bronze,2024-09-06,389
785,Hiro Lee,GB,silver,2024-09-07,271
786,Liam Chan,IN,bronze,2024-09-07,583
787,Kenji Santoso,GB,bronze,2024-09-07,331
788,Sanjay Teo,AU,bronze,2024-09-08,191
789,Zara Patel,MY,silver,2024-09-08,741
790,Chloe Ng,DE,bronze,2024-09-08,
791,Siti Santoso,SG,bronze,2024-09-09,
792,Grace Chan,MY,bronze,2024-09-09,251
793,Hui Teo,ID,bronze,2024-09-09,99
794,Amir Zhang,MY,silver,2024-09-10,686
795,Noah Kumar,MY,silver,2024-09-10,770
796,Aisha Ito,IN,silver,2024-09-10,432
797,Sakura Zhang,SG,bronze,2024-09-11,56
798,Arjun Suzuki,US,bronze,2024-09-11,778
799,Yuki Koh,SG,bronze,2024-09-11,614
800,Farah Wang,DE,silver,2024-09-12,
801,Hui Sharma,MY,silver,2024-09-12,751
802,Mia Taylor,DE,silver,2024-09-12,411
803,Ananya Ho,SG,bronze,2024-09-12,250
804,Rahul Wong,IN,silver,2024-09-13,801
805,Sakura Gupta,SG,bronze,2024-09-13,472
806,Ming Sharma,SG,platinum,2024-09-13,677
807,Mia Teo,MY,silver,2024-09-14,299
808,Mia Schmidt,SG,bronze,2024-09-14,
809,Devi Hall,SG,silver,2024-09-14,
810,Noah Nair,SG,gold,2024-09-15,681
811,Devi Ong,SG,bronze,2024-09-15,4
812,Amir Lim,AU,gold,2024-09-15,625
813,Ravi Tanaka,SG,gold,2024-09-16,566
814,Hiro Brown,ID,platinum,2024-09-16,473
815,Wei Nair,ID,silver,2024-09-16,34
816,Priya Patel,SG,bronze,2024-09-17,408
817,Jun Patel,MY,silver,2024-09-17,
818,Jun Wilson,SG,bronze,2024-09-17,727
819,Aiko Schmidt,SG,silver,2024-09-18,535
820,Zara Mori,US,bronze,2024-09-18,623
821,Liam Zhang,MY,gold,2024-09-18,175
822,Rohan Kato,JP,silver,2024-09-19,538
823,Daniel Muller,ID,bronze,2024-09-19,471
824,Sofia Jones,IN,bronze,2024-09-19,
825,Grace Iyer,SG,gold,2024-09-19,624
826,Yuki Wilson,SG,bronze,2024-09-20,809
827,Bao Weber,AU,platinum,2024-09-20,
828,Yuki Taylor,US,bronze,2024-09-20,417
829,Grace Ito,SG,bronze,2024-09-21,575
830,Yuki Weber,SG,silver,2024-09-21,312
831,Hiro Singh,DE,platinum,2024-09-21,197
832,Hui Wang,JP,bronze,2024-09-22,808
833,Oliver Goh,MY,silver,2024-09-22,577
834,Arjun Chan,MY,gold,2024-09-22,221
835,Ravi Kato,MY,bronze,2024-09-23,
836,Sanjay Reddy,AU,gold,2024-09-23,307
837,Leila Ong,MY,silver,2024-09-23,792
838,Ravi Putri,ID,silver,2024-09-24,
839,Oliver Muller,ID,gold,2024-09-24,753
840,Oliver Lim,MY,bronze,2024-09-24,
841,Sakura Iyer,IN,bronze,2024-09-25,400
842,Ethan Rahman,SG,bronze,2024-09-25,
843,Hiro Teo,DE,bronze,2024-09-25,617
844,Li Goh,SG,bronze,2024-09-26,
845,Hiro Smith,SG,bronze,2024-09-26,790
846,Zara Suzuki,GB,bronze,2024-09-26,768
847,Yuki Jones,DE,bronze,2024-09-27,431
848,Lucas Ismail,SG,silver,2024-09-27,400
849,Nurul Mori,JP,silver,2024-09-27,
850,Jun Weber,MY,silver,2024-09-27,113
851,Daniel Suzuki,DE,bronze,2024-09-28,482
852,Omar Wilson,SG,bronze,2024-09-28,550
853,Yuki Chen,AU,bronze,2024-09-28,147
854,Arjun Mori,GB,bronze,2024-09-29,530
855,Mia Chua,ID,bronze,2024-09-29,203
856,Wei Putri,SG,bronze,2024-09-29,559
857,Zara Wijaya,SG,silver,2024-09-30,114
858,Rahul Gupta,GB,bronze,2024-09-30,
859,Devi Sato,ID,bronze,2024-09-30,103
860,Ruby Brown,MY,bronze,2024-10-01,
861,Priya Kato,AU,gold,2024-10-01,606
862,Yuki Suzuki,ID,silver,2024-10-01,455
863,Hiro Reddy,IN,silver,2024-10-02,773
864,Mei Koh,SG,silver,2024-10-02,
865,Ella Ito,SG,bronze,2024-10-02,
866,Max Goh,SG,bronze,2024-10-03,682
867,Ella Mori,SG,silver,2024-10-03,
868,Chloe Patel,SG,bronze,2024-10-03,472
869,Leila Singh,AU,silver,2024-10-04,468
870,Ravi Weber,ID,bronze,2024-10-04,
871,Amir Abdullah,DE,bronze,2024-10-04,272
872,Ethan Sharma,SG,silver,2024-10-04,596
873,Sofia Pratama,SG,platinum,2024-10-05,
874,Li Rahman,SG,bronze,2024-10-05,230
875,Emma Mori,SG,silver,2024-10-05,627
876,Lucas Patel,DE,silver,2024-10-06,821
877,Rahul Iyer,SG,gold,2024-10-06,488
878,Ming Wong,DE,bronze,2024-10-06,449
879,Mei Reddy,AU,silver,2024-10-07,746
880,Priya Chen,SG,gold,2024-10-07,
881,Ananya Taylor,MY,bronze,2024-10-07,702
882,Aisha Singh,MY,bronze,2024-10-08,
883,Ming Patel,US,gold,2024-10-08,
884,Sakura Suzuki,JP,bronze,2024-10-08,588
885,Chloe Iyer,GB,bronze,2024-10-09,358
886,Mei Sato,JP,gold,2024-10-09,459
887,Mia Gupta,ID,bronze,2024-10-09,
888,Siti Ito,SG,bronze,2024-10-10,206
889,Omar Wilson,ID,silver,2024-10-10,625
890,Ananya Hassan,MY,silver,2024-10-10,
891,Arjun Goh,SG,silver,2024-10-11,
892,Arjun Rahman,SG,bronze,2024-10-11,
893,Devi Ong,MY,gold,2024-10-11,433
894,Tao Wong,SG,bronze,2024-10-12,798
895,Tao Wijaya,SG,platinum,2024-10-12,
896,Ken Lee,IN,bronze,2024-10-12,112
897,Leila Ng,MY,bronze,2024-10-12,
898,Nurul Pratama,DE,bronze,2024-10-13,66
899,Emma Wilson,SG,bronze,2024-10-13,420
900,Sofia Ho,ID,bronze,2024-10-13,578
901,Hiro Zhang,AU,bronze,2024-10-14,
902,Devi Ong,ID,bronze,2024-10-14,44
903,Hui Chan,JP,bronze,2024-10-14,
904,Sakura Yeo,ID,gold,2024-10-15,884
905,Liam Teo,SG,bronze,2024-10-15,
906,Ravi Weber,GB,silver,2024-10-15,396
907,Siti Singh,GB,bronze,2024-10-16,
908,Hana Sato,MY,bronze,2024-10-16,
909,Hiro Pratama,ID,bronze,2024-10-16,822
910,Grace Goh,ID,silver,2024-10-17,
911,Chloe Sharma,US,bronze,2024-10-17,838
912,Siti Wang,IN,silver,2024-10-17,308
913,Jun Nair,DE,bronze,2024-10-18,605
914,Ethan Sato,MY,bronze,2024-10-18,778
915,Zara Suzuki,SG,bronze,2024-10-18,714
916,Isla Wong,SG,silver,2024-10-19,
917,Ella Sharma,MY,silver,2024-10-19,
918,Hana Santoso,ID,bronze,2024-10-19,838
919,Rahul Abdullah,MY,gold,2024-10-19,
920,Jun Schmidt,AU,bronze,2024-10-20,423
921,Hui Singh,ID,silver,2024-10-20,353
922,Kai Iyer,US,bronze,2024-10-20,512
923,Bao Rahman,MY,bronze,2024-10-21,756
924,Hui Ito,MY,gold,2024-10-21,
925,Yuki Koh,SG,silver,2024-10-21,682
926,Ravi Gupta,SG,gold,2024-10-22,440
927,Chloe Gupta,SG,bronze,2024-10-22,924
928,Isla Singh,SG,bronze,2024-10-22,648
929,Farah Reddy,SG,gold,2024-10-23,913
930,Priya Schmidt,AU,silver,2024-10-23,253
931,Leila Ong,SG,bronze,2024-10-23,819
932,Ravi Lim,SG,gold,2024-10-24,
933,Ravi Wilson,AU,bronze,2024-10-24,378
934,Sofia Sharma,AU,platinum,2024-10-24,741
935,Imran Sharma,JP,bronze,2024-10-25,423
936,Arjun Jones,AU,gold,2024-10-25,934
937,Jia Lee,SG,silver,2024-10-25,
938,Zara Goh,SG,bronze,2024-10-26,719
939,Ken Chua,SG,bronze,2024-10-26,343
940,Aiko Smith,US,silver,2024-10-26,110
941,Rohan Abdullah,GB,bronze,2024-10-27,56
942,Wei Weber,SG,bronze,2024-10-27,815
943,Nurul Taylor,ID,gold,2024-10-27,1
944,Jia Gupta,ID,bronze,2024-10-27,
945,Aisha Wilson,US,silver,2024-10-28,
946,Sanjay Nair,JP,platinum,2024-10-28,
947,Rahul Reddy,US,bronze,2024-10-28,577
948,Ravi Mori,IN,bronze,2024-10-29,613
949,Devi Zhang,DE,bronze,2024-10-29,382
950,Chloe Hassan,GB,platinum,2024-10-29,141
951,Kai Sharma,JP,gold,2024-10-30,350
952,Ravi Kato,JP,bronze,2024-10-30,
953,Rahul Koh,IN,bronze,2024-10-30,
954,Kenji Wijaya,SG,bronze,2024-10-31,772
955,Ming Chan,MY,silver,2024-10-31,191
956,Tao Singh,MY,bronze,2024-10-31,398
957,Aiko Ito,DE,bronze,2024-11-01,817
958,Kenji Iyer,MY,bronze,2024-11-01,
959,Hana Wong,ID,bronze,2024-11-01,481
960,Tao Santoso,GB,bronze,2024-11-02,398
961,Arjun Kumar,SG,bronze,2024-11-02,298
962,Wei Reddy,ID,silver,2024-11-02,866
963,Hiro Sharma,ID,silver,2024-11-03,109
964,Mei Hassan,JP,bronze,2024-11-03,560
965,Ethan Chan,ID,bronze,2024-11-03,600
966,Daniel Wilson,SG,silver,2024-11-03,398
967,Omar Tanaka,ID,gold,2024-11-04,641
968,Oliver Hall,SG,bronze,2024-11-04,417
969,Zara Ito,MY,gold,2024-11-04,914
970,Rahul Singh,GB,bronze,2024-11-05,712
971,Ravi Smith,JP,silver,2024-11-05,196
972,Ananya Yeo,JP,bronze,2024-11-05,742
973,Imran Chua,SG,bronze,2024-11-06,735
974,Farah Hassan,ID,bronze,2024-11-06,
975,Arjun Wong,SG,bronze,2024-11-06,438
976,Sofia Jones,SG,silver,2024-11-07,803
977,Li Putri,IN,gold,2024-11-07,
978,Yuki Teo,ID,silver,2024-11-07,759
979,Tao Hassan,IN,gold,2024-11-08,219
980,Emma Hall,US,platinum,2024-11-08,382
981,Oliver Taylor,MY,bronze,2024-11-08,577
982,Ruby Jones,SG,gold,2024-11-09,
983,Rahul Sharma,IN,silver,2024-11-09,713
984,Ethan Hall,AU,bronze,2024-11-09,
985,Amir Kato,SG,bronze,2024-11-10,837
986,Rohan Zhang,ID,bronze,2024-11-10,806
987,Liam Ito,IN,bronze,2024-11-10,180
988,Rohan Wilson,AU,silver,2024-11-11,414
989,Ethan Lim,SG,silver,2024-11-11,
990,Vikram Tanaka,MY,bronze,2024-11-11,
991,Noah Wang,JP,silver,2024-11-11,
992,Imran Muller,SG,bronze,2024-11-12,890
993,Oliver Hassan,SG,silver,2024-11-12,381
994,Farah Chua,SG,bronze,2024-11-12,
995,Aisha Wong,SG,bronze,2024-11-13,137
996,Chloe Weber,AU,bronze,2024-11-13,
997,Aiko Muller,JP,silver,2024-11-13,980
998,Rahul Jones,US,bronze,2024-11-14,835
999,Kai Ong,ID,bronze,2024-11-14,
1000,Yuki Brown,ID,platinum,2024-11-14,639
1001,Siti Patel,SG,silver,2024-11-15,
1002,Sanjay Wang,IN,bronze,2024-11-15,554
1003,Farah Clark,SG,gold,2024-11-15,318
1004,Rahul Gupta,SG,bronze,2024-11-16,628
1005,Sofia Kumar,IN,bronze,2024-11-16,167
1006,Ella Sato,MY,bronze,2024-11-16,721
1007,Ming Wong,SG,gold,2024-11-17,966
1008,Ruby Wilson,US,bronze,2024-11-17,
1009,Rohan Ito,DE,gold,2024-11-17,
1010,Chloe Ho,IN,silver,2024-11-18,
1011,Imran Schmidt,ID,silver,2024-11-18,544
1012,Rohan Wilson,SG,bronze,2024-11-18,341
1013,Aisha Ismail,SG,bronze,2024-11-18,461
1014,Sakura Ong,SG,gold,2024-11-19,
1015,Tao Clark,SG,silver,2024-11-19,
1016,Ananya Putri,IN,bronze,2024-11-19,119
1017,Ruby Schmidt,MY,bronze,2024-11-20,337
1018,Vikram Hassan,SG,silver,2024-11-20,71
1019,Daniel Abdullah,SG,bronze,2024-11-20,86
1020,Zara Chua,SG,bronze,2024-11-21,
1021,Vikram Goh,MY,bronze,2024-11-21,793
1022,Aisha Singh,US,bronze,2024-11-21,
1023,Ruby Chen,SG,silver,2024-11-22,
1024,Emma Rahman,SG,gold,2024-11-22,
1025,Rohan Hall,US,bronze,2024-11-22,
1026,Sanjay Putri,SG,silver,2024-11-23,542
1027,Kenji Sato,SG,silver,2024-11-23,827
1028,Lucas Abdullah,AU,silver,2024-11-23,219
1029,Emma Wijaya,JP,bronze,2024-11-24,489
1030,Ethan Mori,SG,bronze,2024-11-24,843
1031,Aiko Chua,SG,bronze,2024-11-24,246
1032,Devi Goh,IN,silver,2024-11-25,
1033,Jun Tan,MY,bronze,2024-11-25,413
1034,Noah Muller,SG,silver,2024-11-25,
1035,Emma Muller,SG,bronze,2024-11-26,134
1036,Nurul Suzuki,SG,bronze,2024-11-26,
1037,Liam Tan,SG,bronze,2024-11-26,203
1038,Ananya Patel,AU,silver,2024-11-26,
1039,Chloe Ito,SG,gold,2024-11-27,557
1040,Li Zhang,SG,bronze,2024-11-27,157
1041,Tao Smith,JP,gold,2024-11-27,
1042,Imran Gupta,SG,silver,2024-11-28,1032
1043,Noah Iyer,SG,bronze,2024-11-28,
1044,Emma Tan,SG,bronze,2024-11-28,65
1045,Max Wilson,SG,bronze,2024-11-29,861
1046,Omar Gupta,ID,gold,2024-11-29,912
1047,Lucas Brown,GB,bronze,2024-11-29,809
1048,Li Tanaka,JP,bronze,2024-11-30,152
1049,Chloe Lim,SG,bronze,2024-11-30,303
1050,Hana Putri,IN,bronze,2024-11-30,50
1051,Zara Yeo,SG,bronze,2024-12-01,53
1052,Grace Lee,ID,bronze,2024-12-01,303
1053,Nurul Muller,ID,platinum,2024-12-01,101
1054,Sofia Ong,IN,silver,2024-12-02,101
1055,Jun Ismail,SG,silver,2024-12-02,728
1056,Emma Reddy,AU,bronze,2024-12-02,11
1057,Sofia Ong,AU,bronze,2024-12-03,549
1058,Arjun Goh,SG,platinum,2024-12-03,
1059,Sakura Ho,SG,bronze,2024-12-03,727
1060,Amir Brown,ID,bronze,2024-12-03,
1061,Noah Brown,SG,bronze,2024-12-04,565
1062,Kenji Reddy,ID,bronze,2024-12-04,
1063,Ethan Ito,SG,bronze,2024-12-04,
1064,Zara Ito,AU,bronze,2024-12-05,463
1065,Liam Tan,SG,bronze,2024-12-05,946
1066,Jun Kato,SG,platinum,2024-12-05,
1067,Isla Wang,SG,bronze,2024-12-06,851
1068,Kenji Putri,SG,bronze,2024-12-06,146
1069,Hiro Kato,SG,bronze,2024-12-06,703
1070,Arjun Zhang,IN,silver,2024-12-07,303
1071,Liam Gupta,SG,silver,2024-12-07,1009
1072,Kai Hall,SG,gold,2024-12-07,37
1073,Imran Santoso,MY,bronze,2024-12-08,316
1074,Yuki Pratama,SG,bronze,2024-12-08,994
1075,Sanjay Lim,IN,bronze,2024-12-08,398
1076,Hiro Chua,AU,silver,2024-12-09,133
1077,Noah Pratama,IN,silver,2024-12-09,862
1078,Kenji Santoso,JP,silver,2024-12-09,
1079,Mei Ong,IN,bronze,2024-12-10,290
1080,Rahul Singh,IN,silver,2024-12-10,318
1081,Wei Schmidt,JP,gold,2024-12-10,500
1082,Ruby Wang,ID,bronze,2024-12-11,
1083,Nurul Wijaya,JP,bronze,2024-12-11,192
1084,Hiro Sato,AU,bronze,2024-12-11,247
1085,Chloe Lim,SG,bronze,2024-12-11,1053
1086,Leila Ong,IN,bronze,2024-12-12,572
1087,Ruby Ong,IN,silver,2024-12-12,574
1088,Emma Ng,DE,silver,2024-12-12,189
1089,Vikram Jones,SG,bronze,2024-12-13,
1090,Siti Iyer,SG,gold,2024-12-13,
1091,Ethan Smith,MY,gold,2024-12-13,
1092,Li Ho,SG,bronze,2024-12-14,629
1093,Zara Abdullah,GB,bronze,2024-12-14,222
1094,Hui Ho,IN,bronze,2024-12-14,
1095,Ananya Putri,IN,bronze,2024-12-15,475
1096,Aiko Suzuki,ID,silver,2024-12-15,469
1097,Aiko Chan,MY,silver,2024-12-15,1017
1098,Ken Santoso,SG,silver,2024-12-16,917
1099,Sakura Ho,SG,bronze,2024-12-16,815
1100,Rohan Gupta,AU,silver,2024-12-16,592
1101,Zara Pratama,IN,silver,2024-12-17,514
1102,Ethan Putri,AU,silver,2024-12-17,926
1103,Tao Goh,ID,gold,2024-12-17,926
1104,Aiko Ismail,SG,silver,2024-12-18,894
1105,Chloe Ho,ID,bronze,2024-12-18,487
1106,Lucas Wang,JP,silver,2024-12-18,344
1107,Aiko Ho,GB,bronze,2024-12-18,506
1108,Rahul Gupta,SG,bronze,2024-12-19,
1109,Imran Singh,SG,bronze,2024-12-19,
1110,Zara Wilson,SG,gold,2024-12-19,589
1111,Ravi Schmidt,ID,bronze,2024-12-20,
1112,Sofia Teo,MY,bronze,2024-12-20,220
1113,Isla Ismail,GB,bronze,2024-12-20,545
1114,Kai Abdullah,US,gold,2024-12-21,969
1115,Lucas Ito,AU,bronze,2024-12-21,877
1116,Priya Sharma,JP,bronze,2024-12-21,
1117,Rahul Clark,IN,bronze,2024-12-22,279
1118,Bao Koh,MY,silver,2024-12-22,
1119,Bao Nair,AU,bronze,2024-12-22,582
1120,Ethan Wong,SG,silver,2024-12-23,14
1121,Devi Taylor,ID,bronze,2024-12-23,
1122,Vikram Singh,SG,platinum,2024-12-23,707
1123,Max Mori,ID,gold,2024-12-24,545
1124,Ella Kato,SG,silver,2024-12-24,210
1125,Hiro Patel,AU,silver,2024-12-24,382
1126,Vikram Mori,AU,bronze,2024-12-25,155
1127,Ella Kato,SG,gold,2024-12-25,806
1128,Tao Kato,SG,bronze,2024-12-25,899
1129,Mei Pratama,SG,bronze,2024-12-26,
1130,Amir Chan,ID,bronze,2024-12-26,1002
1131,Ken Lee,SG,bronze,2024-12-26,808
1132,Wei Rahman,IN,bronze,2024-12-26,795
1133,Leila Mori,ID,bronze,2024-12-27,
1134,Mei Koh,SG,bronze,2024-12-27,
1135,Ruby Chan,SG,bronze,2024-12-27,242
1136,Max Mori,GB,silver,2024-12-28,
1137,Vikram Yeo,US,silver,2024-12-28,
1138,Chloe Tan,ID,bronze,2024-12-28,
1139,Daniel Mori,AU,bronze,2024-12-29,588
1140,Jia Ito,JP,silver,2024-12-29,
1141,Wei Rahman,DE,gold,2024-12-29,930
1142,Wei Ong,SG,bronze,2024-12-30,742
1143,Mia Koh,ID,bronze,2024-12-30,220
1144,Kenji Tanaka,JP,bronze,2024-12-30,
1145,Oliver Ismail,SG,bronze,2024-12-31,227
1146,Ethan Hassan,SG,bronze,2024-12-31,751
1147,Tao Kumar,SG,bronze,2024-12-31,947
1148,Oliver Reddy,MY,bronze,2025-01-01,403
1149,Lucas Gupta,US,bronze,2025-01-01,247
1150,Mei Nair,ID,silver,2025-01-01,545
1151,Mia Gupta,US,silver,2025-01-02,517
1152,Tao Chua,JP,bronze,2025-01-02,7
1153,Noah Patel,MY,bronze,2025-01-02,459
1154,Aisha Wong,AU,gold,2025-01-02,443
1155,Devi Ng,US,silver,2025-01-03,883
1156,Rohan Hassan,US,silver,2025-01-03,532
1157,Kai Taylor,MY,bronze,2025-01-03,301
1158,Aisha Putri,SG,silver,2025-01-04,
1159,Tao Ho,JP,bronze,2025-01-04,96
1160,Max Koh,SG,bronze,2025-01-04,868
1161,Sofia Santoso,ID,silver,2025-01-05,242
1162,Max Chan,IN,bronze,2025-01-05,
1163,Farah Nair,ID,bronze,2025-01-05,864
1164,Bao Ong,SG,bronze,2025-01-06,314
1165,Ruby Ismail,MY,silver,2025-01-06,455
1166,Aisha Chen,SG,bronze,2025-01-06,130
1167,Farah Kumar,ID,bronze,2025-01-07,
1168,Daniel Ismail,SG,bronze,2025-01-07,879
1169,Devi Ismail,US,bronze,2025-01-07,1120
1170,Sofia Gupta,DE,bronze,2025-01-08,669
1171,Ming Suzuki,SG,bronze,2025-01-08,902
1172,Aisha Ng,SG,silver,2025-01-08,127
1173,Devi Ng,MY,bronze,2025-01-09,279
1174,Rahul Wijaya,JP,silver,2025-01-09,637
1175,Kai Koh,MY,silver,2025-01-09,268
1176,Grace Gupta,IN,bronze,2025-01-10,110
1177,Jun Putri,JP,silver,2025-01-10,648
1178,Tao Pratama,SG,gold,2025-01-10,
1179,Jun Abdullah,IN,bronze,2025-01-10,734
1180,Hui Goh,US,bronze,2025-01-11,228
1181,Priya Chan,ID,silver,2025-01-11,718
1182,Ethan Wong,SG,gold,2025-01-11,519
1183,Ken Chua,AU,bronze,2025-01-12,917
1184,Aisha Yeo,ID,silver,2025-01-12,341
1185,Ethan Lee,MY,platinum,2025-01-12,793
1186,Ella Chua,MY,bronze,2025-01-13,
1187,Amir Taylor,SG,bronze,2025-01-13,138
1188,Hana Reddy,JP,bronze,2025-01-13,1096
1189,Zara Rahman,US,silver,2025-01-14,657
1190,Lucas Taylor,MY,bronze,2025-01-14,627
1191,Jia Nair,SG,bronze,2025-01-14,1107
1192,Liam Hassan,GB,silver,2025-01-15,212
1193,Emma Suzuki,SG,bronze,2025-01-15,435
1194,Noah Ng,GB,bronze,2025-01-15,
1195,Ken Pratama,IN,bronze,2025-01-16,654
1196,Ruby Chua,GB,bronze,2025-01-16,648
1197,Oliver Muller,SG,bronze,2025-01-16,
1198,Isla Tan,MY,silver,2025-01-17,760
1199,Hiro Goh,IN,silver,2025-01-17,860
1200,Isla Wong,MY,bronze,2025-01-17,1106
1201,Yuki Sharma,ID,bronze,2025-01-17,370
1202,Priya Iyer,ID,bronze,2025-01-18,
1203,Lucas Teo,SG,bronze,2025-01-18,283
1204,Hui Kato,MY,gold,2025-01-18,978
1205,Tao Tan,AU,bronze,2025-01-19,1134
1206,Ananya Hassan,SG,silver,2025-01-19,
1207,Imran Yeo,IN,gold,2025-01-19,574
1208,Hana Ng,JP,bronze,2025-01-20,1177
1209,Leila Sharma,US,silver,2025-01-20,947
1210,Li Ong,MY,silver,2025-01-20,671
1211,Hui Hassan,GB,platinum,2025-01-21,968
1212,Noah Smith,DE,silver,2025-01-21,637
1213,Farah Putri,MY,silver,2025-01-21,
1214,Ravi Jones,MY,platinum,2025-01-22,1205
1215,Hana Weber,MY,bronze,2025-01-22,
1216,Kenji Lee,ID,silver,2025-01-22,
1217,Zara Goh,SG,platinum,2025-01-23,
1218,Aiko Gupta,SG,silver,2025-01-23,673
1219,Max Tanaka,SG,gold,2025-01-23,760
1220,Sanjay Ng,SG,bronze,2025-01-24,
1221,Tao Patel,AU,silver,2025-01-24,375
1222,Isla Smith,DE,silver,2025-01-24,
1223,Sanjay Schmidt,SG,bronze,2025-01-25,1186
1224,Ananya Putri,MY,silver,2025-01-25,193
1225,Mia Tan,IN,bronze,2025-01-25,766
1226,Ella Smith,IN,silver,2025-01-25,1122
1227,Emma Singh,SG,gold,2025-01-26,1190
1228,Rahul Jones,MY,gold,2025-01-26,217
1229,Hana Jones,JP,silver,2025-01-26,66
1230,Mia Pratama,JP,bronze,2025-01-27,686
1231,Ananya Tan,US,bronze,2025-01-27,1159
1232,Ananya Wijaya,MY,gold,2025-01-27,1067
1233,Mia Patel,MY,silver,2025-01-28,351
1234,Grace Abdullah,AU,bronze,2025-01-28,434
1235,Grace Putri,AU,silver,2025-01-28,92
1236,Hiro Kato,AU,bronze,2025-01-29,
1237,Leila Smith,AU,gold,2025-01-29,1129
1238,Omar Koh,AU,bronze,2025-01-29,
1239,Lucas Gupta,US,bronze,2025-01-30,104
1240,Kai Wijaya,SG,platinum,2025-01-30,
1241,Rohan Sharma,MY,gold,2025-01-30,1219
1242,Omar Putri,JP,bronze,2025-01-31,152
1243,Amir Ong,US,gold,2025-01-31,333
1244,Mei Kumar,ID,silver,2025-01-31,84
1245,Ming Tan,MY,silver,2025-02-01,
1246,Imran Gupta,MY,silver,2025-02-01,389
1247,Tao Hall,DE,silver,2025-02-01,1055
1248,Max Hall,ID,bronze,2025-02-01,
1249,Sofia Jones,SG,gold,2025-02-02,1147
1250,Tao Chua,SG,platinum,2025-02-02,
1251,Farah Kato,AU,gold,2025-02-02,957
1252,Siti Santoso,MY,bronze,2025-02-03,409
1253,Hana Santoso,SG,gold,2025-02-03,17
1254,Yuki Singh,US,bronze,2025-02-03,566
1255,Ming Abdullah,SG,bronze,2025-02-04,
1256,Leila Abdullah,US,gold,2025-02-04,1125
1257,Devi Wijaya,SG,bronze,2025-02-04,1084
1258,Nurul Sato,US,bronze,2025-02-05,127
1259,Liam Koh,IN,bronze,2025-02-05,634
1260,Ming Tanaka,AU,platinum,2025-02-05,72
1261,Sanjay Weber,SG,bronze,2025-02-06,437
1262,Siti Ng,ID,bronze,2025-02-06,3
1263,Kenji Wang,IN,gold,2025-02-06,797
1264,Bao Teo,GB,silver,2025-02-07,
1265,Lucas Rahman,SG,platinum,2025-02-07,529
1266,Ming Pratama,DE,gold,2025-02-07,313
1267,Sakura Ng,SG,silver,2025-02-08,378
1268,Rahul Goh,SG,silver,2025-02-08,215
1269,Max Wong,MY,bronze,2025-02-08,588
1270,Mei Sato,JP,silver,2025-02-09,
1271,Daniel Wijaya,ID,silver,2025-02-09,346
1272,Grace Jones,SG,silver,2025-02-09,1271
1273,Grace Yeo,ID,bronze,2025-02-09,
1274,Sanjay Gupta,MY,bronze,2025-02-10,
1275,Wei Wang,ID,bronze,2025-02-10,783
1276,Yuki Putri,IN,bronze,2025-02-10,
1277,Arjun Lim,MY,bronze,2025-02-11,1173
1278,Li Ng,IN,silver,2025-02-11,964
1279,Sofia Sharma,US,silver,2025-02-11,
1280,Daniel Kumar,IN,bronze,2025-02-12,
1281,Mei Clark,MY,bronze,2025-02-12,
1282,Ruby Wilson,MY,bronze,2025-02-12,977
1283,Ming Wijaya,SG,silver,2025-02-13,981
1284,Emma Wong,SG,silver,2025-02-13,690
1285,Ming Ismail,AU,bronze,2025-02-13,57
1286,Jun Reddy,MY,bronze,2025-02-14,691
1287,Ethan Ong,SG,silver,2025-02-14,671
1288,Ella Clark,MY,silver,2025-02-14,510
1289,Nurul Wilson,US,bronze,2025-02-15,812
1290,Ethan Lee,MY,gold,2025-02-15,103
1291,Lucas Ismail,DE,silver,2025-02-15,468
1292,Oliver Iyer,MY,silver,2025-02-16,280
1293,Omar Clark,ID,bronze,2025-02-16,875
1294,Max Tanaka,SG,gold,2025-02-16,482
1295,Jun Ong,SG,silver,2025-02-16,848
1296,Aiko Sato,IN,bronze,2025-02-17,375
1297,Sakura Schmidt,AU,gold,2025-02-17,
1298,Siti Sharma,DE,bronze,2025-02-17,
1299,Daniel Iyer,US,gold,2025-02-18,1052
1300,Jia Weber,IN,silver,2025-02-18,74
1301,Imran Iyer,SG,bronze,2025-02-18,652
1302,Ethan Wijaya,DE,bronze,2025-02-19,
1303,Emma Hassan,IN,bronze,2025-02-19,38
1304,Bao Chan,SG,gold,2025-02-19,
1305,Sakura Sharma,SG,silver,2025-02-20,649
1306,Max Kato,JP,silver,2025-02-20,756
1307,Isla Hassan,SG,silver,2025-02-20,1275
1308,Siti Santoso,US,bronze,2025-02-21,399
1309,Kai Kumar,US,bronze,2025-02-21,
1310,Liam Singh,AU,gold,2025-02-21,1088
1311,Nurul Reddy,GB,silver,2025-02-22,578
1312,Mia Gupta,US,bronze,2025-02-22,396
1313,Oliver Teo,MY,silver,2025-02-22,
1314,Aisha Singh,IN,bronze,2025-02-23,
1315,Hiro Chan,AU,silver,2025-02-23,501
1316,Ananya Pratama,DE,bronze,2025-02-23,924
1317,Zara Chen,IN,gold,2025-02-24,
1318,Yuki Patel,SG,bronze,2025-02-24,
1319,Hui Wong,ID,bronze,2025-02-24,1036
1320,Tao Goh,SG,bronze,2025-02-24,
1321,Farah Brown,AU,silver,2025-02-25,
1322,Leila Brown,ID,bronze,2025-02-25,911
1323,Kai Putri,MY,bronze,2025-02-25,365
1324,Aisha Nair,AU,gold,2025-02-26,
1325,Yuki Wong,AU,silver,2025-02-26,1245
1326,Isla Wilson,SG,bronze,2025-02-26,45
1327,Bao Chen,SG,silver,2025-02-27,
1328,Aisha Singh,DE,bronze,2025-02-27,1093
1329,Wei Putri,SG,bronze,2025-02-27,
1330,Omar Sato,SG,gold,2025-02-28,1066
1331,Ruby Ho,MY,silver,2025-02-28,
1332,Mia Ng,ID,bronze,2025-02-28,
1333,Sanjay Suzuki,SG,bronze,2025-03-01,
1334,Imran Chua,JP,bronze,2025-03-01,517
1335,Aisha Chen,SG,gold,2025-03-01,80
1336,Ravi Abdullah,SG,silver,2025-03-02,604
1337,Mei Tan,AU,bronze,2025-03-02,462
1338,Oliver Muller,ID,bronze,2025-03-02,188
1339,Isla Sharma,MY,bronze,2025-03-03,710
1340,Nurul Kumar,MY,bronze,2025-03-03,
1341,Vikram Wijaya,SG,gold,2025-03-03,
1342,Liam Hall,DE,bronze,2025-03-03,76
1343,Ravi Santoso,SG,silver,2025-03-04,972
1344,Zara Ng,SG,silver,2025-03-04,436
1345,Daniel Kumar,SG,silver,2025-03-04,871
1346,Mia Lim,ID,bronze,2025-03-05,1239
1347,Noah Abdullah,IN,bronze,2025-03-05,
1348,Ken Ito,MY,silver,2025-03-05,
1349,Max Chan,US,gold,2025-03-06,1065
1350,Farah Smith,MY,silver,2025-03-06,
1351,Sofia Weber,DE,bronze,2025-03-06,802
1352,Hui Wilson,IN,bronze,2025-03-07,564
1353,Ruby Lim,AU,bronze,2025-03-07,959
1354,Sofia Clark,SG,bronze,2025-03-07,
1355,Sakura Patel,US,silver,2025-03-08,
1356,Li Goh,AU,bronze,2025-03-08,672
1357,Sakura Singh,DE,platinum,2025-03-08,445
1358,Sofia Chua,DE,silver,2025-03-09,
1359,Devi Yeo,MY,bronze,2025-03-09,1041
1360,Ravi Koh,US,bronze,2025-03-09,
1361,Nurul Ito,MY,bronze,2025-03-10,
1362,Jia Singh,JP,gold,2025-03-10,
1363,Max Hall,IN,silver,2025-03-10,1178
1364,Sakura Mori,US,bronze,2025-03-11,356
1365,Ruby Goh,JP,silver,2025-03-11,929
1366,Li Pratama,ID,silver,2025-03-11,
1367,Isla Suzuki,GB,bronze,2025-03-11,1049
1368,Leila Abdullah,US,bronze,2025-03-12,1305
1369,Ella Muller,SG,bronze,2025-03-12,72
1370,Sakura Iyer,SG,silver,2025-03-12,492
1371,Li Santoso,SG,bronze,2025-03-13,310
1372,Mei Lee,SG,bronze,2025-03-13,612
1373,Rohan Chen,AU,bronze,2025-03-13,782
1374,Kenji Ito,SG,bronze,2025-03-14,
1375,Sakura Goh,ID,silver,2025-03-14,
1376,Priya Wilson,SG,silver,2025-03-14,155
1377,Lucas Santoso,MY,bronze,2025-03-15,
1378,Grace Santoso,MY,bronze,2025-03-15,296
1379,Aiko Tanaka,SG,bronze,2025-03-15,862
1380,Hiro Teo,ID,bronze,2025-03-16,1197
1381,Zara Ho,MY,bronze,2025-03-16,
1382,Wei Hassan,AU,bronze,2025-03-16,121
1383,Siti Teo,MY,bronze,2025-03-17,182
1384,Rahul Muller,ID,bronze,2025-03-17,1084
1385,Aiko Mori,SG,bronze,2025-03-17,81
1386,Omar Reddy,DE,bronze,2025-03-18,
1387,Emma Wilson,AU,silver,2025-03-18,1254
1388,Grace Taylor,MY,bronze,2025-03-18,
1389,Sofia Teo,SG,bronze,2025-03-18,1223
1390,Imran Yeo,MY,bronze,2025-03-19,
1391,Aisha Wong,MY,bronze,2025-03-19,1175
1392,Oliver Nair,SG,bronze,2025-03-19,846
1393,Rahul Hassan,MY,gold,2025-03-20,283
1394,Rahul Wang,IN,bronze,2025-03-20,3
1395,Daniel Koh,SG,silver,2025-03-20,456
1396,Mei Sharma,SG,bronze,2025-03-21,1157
1397,Daniel Wang,SG,bronze,2025-03-21,178
1398,Ravi Jones,DE,silver,2025-03-21,
1399,Rahul Koh,SG,silver,2025-03-22,
1400,Ming Pratama,DE,bronze,2025-03-22,1274
1401,Ananya Chua,ID,bronze,2025-03-22,
1402,Isla Schmidt,ID,silver,2025-03-23,857
1403,Yuki Hassan,ID,platinum,2025-03-23,1185
1404,Omar Wang,SG,bronze,2025-03-23,
1405,Isla Ito,AU,bronze,2025-03-24,
1406,Jun Lim,MY,bronze,2025-03-24,301
1407,Ananya Brown,US,bronze,2025-03-24,90
1408,Mei Gupta,SG,silver,2025-03-25,637
1409,Priya Brown,SG,silver,2025-03-25,1213
1410,Hui Hassan,SG,silver,2025-03-25,
1411,Wei Sato,GB,silver,2025-03-26,1303
1412,Sanjay Hassan,SG,silver,2025-03-26,909
1413,Devi Pratama,US,gold,2025-03-26,
1414,Max Schmidt,SG,silver,2025-03-26,588
1415,Vikram Taylor,MY,bronze,2025-03-27,810
1416,Sanjay Mori,GB,gold,2025-03-27,907
1417,Emma Wong,SG,gold,2025-03-27,113
1418,Noah Putri,US,bronze,2025-03-28,746
1419,Amir Reddy,ID,bronze,2025-03-28,21
1420,Ruby Muller,GB,bronze,2025-03-28,502
1421,Priya Tanaka,ID,bronze,2025-03-29,
1422,Arjun Chan,JP,bronze,2025-03-29,1010
1423,Oliver Iyer,ID,bronze,2025-03-29,786
1424,Hui Ng,SG,bronze,2025-03-30,209
1425,Hiro Wilson,SG,bronze,2025-03-30,468
1426,Daniel Reddy,SG,bronze,2025-03-30,
1427,Oliver Kato,ID,bronze,2025-03-31,
1428,Jun Tan,MY,bronze,2025-03-31,1376
1429,Ravi Hall,US,bronze,2025-03-31,1237
1430,Jia Reddy,US,bronze,2025-04-01,19
1431,Li Santoso,SG,bronze,2025-04-01,
1432,Rohan Suzuki,DE,bronze,2025-04-01,
1433,Oliver Clark,SG,silver,2025-04-02,604
1434,Vikram Lim,GB,silver,2025-04-02,
1435,Jun Muller,MY,bronze,2025-04-02,398
1436,Ruby Singh,SG,bronze,2025-04-02,903
1437,Rahul Tanaka,ID,bronze,2025-04-03,1255
1438,Hana Chua,IN,silver,2025-04-03,
1439,Yuki Tan,MY,bronze,2025-04-03,341
1440,Mia Abdullah,ID,bronze,2025-04-04,846
1441,Sofia Weber,SG,bronze,2025-04-04,
1442,Sofia Wang,SG,bronze,2025-04-04,71
1443,Rahul Chua,ID,silver,2025-04-05,1336
1444,Ming Wilson,AU,bronze,2025-04-05,
1445,Isla Hall,IN,gold,2025-04-05,251
1446,Farah Abdullah,SG,bronze,2025-04-06,498
1447,Daniel Gupta,SG,bronze,2025-04-06,550
1448,Oliver Suzuki,MY,silver,2025-04-06,821
1449,Ming Tan,MY,bronze,2025-04-07,1170
1450,Bao Tanaka,SG,silver,2025-04-07,
1451,Jun Koh,JP,bronze,2025-04-07,1419
1452,Yuki Putri,ID,bronze,2025-04-08,
1453,Oliver Wang,SG,gold,2025-04-08,783
1454,Sakura Abdullah,DE,bronze,2025-04-08,
1455,Li Koh,US,silver,2025-04-09,979
1456,Max Koh,MY,silver,2025-04-09,1200
1457,Farah Sharma,SG,silver,2025-04-09,
1458,Ananya Wong,ID,bronze,2025-04-10,28
1459,Siti Sharma,GB,bronze,2025-04-10,475
1460,Mei Sato,DE,gold,2025-04-10,
1461,Farah Teo,SG,silver,2025-04-10,448
1462,Ella Patel,MY,bronze,2025-04-11,457
1463,Grace Ong,US,silver,2025-04-11,
1464,Daniel Sato,MY,bronze,2025-04-11,1419
1465,Hiro Jones,SG,bronze,2025-04-12,904
1466,Amir Mori,SG,gold,2025-04-12,403
1467,Chloe Jones,ID,bronze,2025-04-12,1146
1468,Daniel Taylor,IN,bronze,2025-04-13,
1469,Kai Kato,MY,bronze,2025-04-13,1327
1470,Rahul Chua,ID,silver,2025-04-13,1335
1471,Mei Rahman,ID,gold,2025-04-14,
1472,Wei Schmidt,DE,bronze,2025-04-14,226
1473,Jia Hassan,SG,bronze,2025-04-14,
1474,Lucas Santoso,AU,bronze,2025-04-15,902
1475,Chloe Ho,ID,silver,2025-04-15,
1476,Grace Chua,SG,gold,2025-04-15,421
1477,Ruby Wong,ID,bronze,2025-04-16,
1478,Jia Clark,SG,gold,2025-04-16,
1479,Siti Iyer,AU,gold,2025-04-16,
1480,Yuki Ho,DE,silver,2025-04-17,631
1481,Amir Taylor,DE,bronze,2025-04-17,579
1482,Sanjay Ho,JP,bronze,2025-04-17,
1483,Chloe Yeo,ID,gold,2025-04-17,
1484,Priya Sato,SG,silver,2025-04-18,
1485,Daniel Iyer,SG,bronze,2025-04-18,1292
1486,Liam Hassan,IN,platinum,2025-04-18,850
1487,Emma Suzuki,SG,bronze,2025-04-19,
1488,Ananya Ong,SG,gold,2025-04-19,32
1489,Max Zhang,SG,silver,2025-04-19,552
1490,Kai Reddy,SG,silver,2025-04-20,320
1491,Zara Sharma,IN,silver,2025-04-20,920
1492,Ella Wilson,ID,bronze,2025-04-20,
1493,Vikram Hall,AU,platinum,2025-04-21,567
1494,Rohan Ismail,MY,bronze,2025-04-21,1199
1495,Ethan Wang,MY,platinum,2025-04-21,1270
1496,Isla Santoso,MY,silver,2025-04-22,
1497,Omar Wijaya,DE,silver,2025-04-22,249
1498,Hui Wilson,SG,bronze,2025-04-22,259
1499,Yuki Abdullah,AU,silver,2025-04-23,1058
1500,Isla Taylor,ID,silver,2025-04-23,608
1501,Arjun Yeo,DE,bronze,2025-04-23,1165
1502,Ruby Yeo,GB,silver,2025-04-24,9
1503,Ravi Jones,DE,silver,2025-04-24,
1504,Daniel Ito,DE,bronze,2025-04-24,1268
1505,Isla Mori,JP,silver,2025-04-25,177
1506,Imran Hall,SG,bronze,2025-04-25,407
1507,Ravi Wong,GB,gold,2025-04-25,910
1508,Ken Wang,SG,silver,2025-04-25,964
1509,Sakura Mori,SG,silver,2025-04-26,
1510,Aisha Ng,SG,silver,2025-04-26,926
1511,Nurul Santoso,SG,bronze,2025-04-26,
1512,Sakura Putri,SG,bronze,2025-04-27,1206
1513,Hui Brown,MY,bronze,2025-04-27,1430
1514,Oliver Ito,SG,silver,2025-04-27,389
1515,Isla Sharma,ID,silver,2025-04-28,990
1516,Kenji Chen,ID,silver,2025-04-28,578
1517,Rohan Sato,IN,bronze,2025-04-28,703
1518,Bao Wijaya,SG,silver,2025-04-29,
1519,Devi Ito,JP,platinum,2025-04-29,151
1520,Emma Ismail,MY,bronze,2025-04-29,835
1521,Oliver Muller,JP,silver,2025-04-30,
1522,Mei Mori,SG,bronze,2025-04-30,23
1523,Amir Jones,US,silver,2025-04-30,48
1524,Noah Chan,MY,silver,2025-05-01,
1525,Chloe Jones,ID,bronze,2025-05-01,
1526,Kai Abdullah,US,silver,2025-05-01,1150
1527,Sakura Teo,SG,bronze,2025-05-02,306
1528,Daniel Nair,SG,silver,2025-05-02,1312
1529,Mei Reddy,MY,bronze,2025-05-02,
1530,Bao Wilson,ID,bronze,2025-05-02,
1531,Mei Santoso,DE,platinum,2025-05-03,
1532,Ethan Rahman,IN,silver,2025-05-03,971
1533,Vikram Goh,IN,silver,2025-05-03,1398
1534,Ananya Lim,ID,bronze,2025-05-04,339
1535,Liam Rahman,US,bronze,2025-05-04,
1536,Ravi Teo,ID,silver,2025-05-04,679
1537,Li Ho,SG,silver,2025-05-05,1129
1538,Sanjay Lee,DE,bronze,2025-05-05,1281
1539,Noah Sharma,AU,bronze,2025-05-05,980
1540,Ruby Zhang,ID,bronze,2025-05-06,1451
1541,Max Wang,IN,silver,2025-05-06,761
1542,Noah Wilson,MY,bronze,2025-05-06,
1543,Rohan Wong,SG,gold,2025-05-07,1201
1544,Li Rahman,JP,silver,2025-05-07,71
1545,Sakura Yeo,SG,gold,2025-05-07,444
1546,Hiro Tanaka,GB,silver,2025-05-08,1262
1547,Omar Hassan,IN,bronze,2025-05-08,
1548,Mei Chen,IN,platinum,2025-05-08,1027
1549,Kai Kumar,ID,platinum,2025-05-09,795
1550,Emma Wijaya,US,bronze,2025-05-09,556
1551,Mei Wilson,US,bronze,2025-05-09,
1552,Chloe Ito,IN,bronze,2025-05-10,272
1553,Liam Nair,MY,silver,2025-05-10,672
1554,Ravi Patel,SG,gold,2025-05-10,1088
1555,Oliver Lim,ID,bronze,2025-05-10,
1556,Devi Wijaya,SG,silver,2025-05-11,963
1557,Max Clark,SG,silver,2025-05-11,
1558,Liam Tan,SG,gold,2025-05-11,1244
1559,Rahul Wilson,SG,bronze,2025-05-12,725
1560,Ming Ismail,IN,silver,2025-05-12,1287
1561,Vikram Sato,SG,bronze,2025-05-12,575
1562,Hui Abdullah,SG,bronze,2025-05-13,749
1563,Hiro Brown,IN,bronze,2025-05-13,
1564,Grace Schmidt,GB,bronze,2025-05-13,
1565,Liam Sharma,ID,bronze,2025-05-14,
1566,Devi Weber,ID,gold,2025-05-14,301
1567,Zara Clark,SG,bronze,2025-05-14,
1568,Imran Muller,JP,platinum,2025-05-15,966
1569,Omar Smith,ID,bronze,2025-05-15,1441
1570,Hiro Chua,JP,bronze,2025-05-15,657
1571,Nurul Brown,ID,silver,2025-05-16,1049
1572,Kenji Rahman,GB,silver,2025-05-16,1294
1573,Emma Reddy,AU,platinum,2025-05-16,1319
1574,Ella Hassan,IN,gold,2025-05-17,243
1575,Ravi Iyer,ID,bronze,2025-05-17,1245
1576,Max Smith,SG,bronze,2025-05-17,1495
1577,Isla Hall,IN,silver,2025-05-17,1396
1578,Leila Singh,US,bronze,2025-05-18,1456
1579,Yuki Koh,SG,bronze,2025-05-18,910
1580,Rahul Teo,AU,bronze,2025-05-18,844
1581,Li Suzuki,MY,gold,2025-05-19,45
1582,Imran Mori,SG,bronze,2025-05-19,1447
1583,Sakura Brown,ID,silver,2025-05-19,182
1584,Mia Wang,ID,silver,2025-05-20,956
1585,Hiro Wong,ID,bronze,2025-05-20,
1586,Imran Smith,IN,silver,2025-05-20,148
1587,Nurul Teo,DE,silver,2025-05-21,1508
1588,Ananya Suzuki,ID,bronze,2025-05-21,
1589,Farah Santoso,JP,gold,2025-05-21,942
1590,Oliver Pratama,SG,bronze,2025-05-22,263
1591,Li Brown,AU,bronze,2025-05-22,1517
1592,Emma Ng,SG,bronze,2025-05-22,810
1593,Jun Sharma,SG,bronze,2025-05-23,263
1594,Farah Schmidt,GB,bronze,2025-05-23,1122
1595,Emma Kato,AU,bronze,2025-05-23,986
1596,Noah Tan,ID,bronze,2025-05-24,599
1597,Mei Patel,AU,bronze,2025-05-24,1333
1598,Hiro Koh,SG,silver,2025-05-24,
1599,Imran Yeo,JP,bronze,2025-05-25,1124
1600,Ravi Tanaka,SG,silver,2025-05-25,1185
1601,Li Mori,ID,bronze,2025-05-25,315
1602,Omar Weber,AU,gold,2025-05-25,
1603,Priya Smith,SG,silver,2025-05-26,426
1604,Farah Santoso,AU,silver,2025-05-26,844
1605,Siti Chen,IN,platinum,2025-05-26,731
1606,Mei Weber,GB,bronze,2025-05-27,
1607,Max Jones,MY,silver,2025-05-27,969
1608,Jia Rahman,SG,bronze,2025-05-27,1434
1609,Devi Pratama,MY,silver,2025-05-28,1313
1610,Ming Jones,IN,bronze,2025-05-28,1184
1611,Ken Tan,GB,bronze,2025-05-28,1601
1612,Mia Smith,SG,platinum,2025-05-29,988
1613,Ming Chua,SG,silver,2025-05-29,
1614,Emma Reddy,SG,bronze,2025-05-29,943
1615,Wei Suzuki,MY,silver,2025-05-30,925
1616,Max Ong,JP,silver,2025-05-30,558
1617,Tao Hall,SG,bronze,2025-05-30,1405
1618,Devi Ong,GB,bronze,2025-05-31,1115
1619,Omar Chen,MY,bronze,2025-05-31,68
1620,Emma Ng,SG,silver,2025-05-31,123
1621,Yuki Lim,DE,bronze,2025-06-01,1438
1622,Daniel Hall,SG,bronze,2025-06-01,9
1623,Priya Chan,DE,bronze,2025-06-01,
1624,Emma Wong,MY,bronze,2025-06-01,587
1625,Daniel Reddy,ID,bronze,2025-06-02,343
1626,Rohan Jones,DE,bronze,2025-06-02,
1627,Noah Rahman,US,bronze,2025-06-02,1288
1628,Max Lee,SG,gold,2025-06-03,177
1629,Aisha Tan,DE,platinum,2025-06-03,563
1630,Max Abdullah,SG,bronze,2025-06-03,1109
1631,Rohan Clark,ID,bronze,2025-06-04,359
1632,Rahul Zhang,US,bronze,2025-06-04,80
1633,Hiro Yeo,ID,bronze,2025-06-04,505
1634,Imran Lee,ID,bronze,2025-06-05,
1635,Ruby Tanaka,JP,bronze,2025-06-05,262
1636,Imran Lee,SG,silver,2025-06-05,
1637,Rahul Iyer,ID,silver,2025-06-06,1250
1638,Ravi Chen,ID,gold,2025-06-06,200
1639,Sakura Muller,SG,gold,2025-06-06,
1640,Emma Wong,AU,bronze,2025-06-07,859
1641,Imran Wong,SG,gold,2025-06-07,493
1642,Ken Ito,US,bronze,2025-06-07,733
1643,Li Kumar,ID,silver,2025-06-08,
1644,Tao Wilson,JP,bronze,2025-06-08,931
1645,Ravi Koh,ID,silver,2025-06-08,756
1646,Lucas Lim,MY,bronze,2025-06-09,464
1647,Lucas Wang,AU,platinum,2025-06-09,1576
1648,Li Zhang,IN,bronze,2025-06-09,473
1649,Emma Rahman,SG,bronze,2025-06-09,1237
1650,Hui Smith,SG,bronze,2025-06-10,
1651,Ruby Wang,SG,silver,2025-06-10,
1652,Devi Reddy,MY,bronze,2025-06-10,
1653,Grace Pratama,SG,silver,2025-06-11,965
1654,Aiko Nair,SG,silver,2025-06-11,
1655,Liam Kato,SG,bronze,2025-06-11,876
1656,Mia Gupta,SG,bronze,2025-06-12,1020
1657,Chloe Smith,GB,bronze,2025-06-12,425
1658,Tao Santoso,DE,bronze,2025-06-12,1596
1659,Ravi Goh,IN,platinum,2025-06-13,1655
1660,Ravi Tan,DE,silver,2025-06-13,904
1661,Devi Reddy,ID,silver,2025-06-13,
1662,Priya Kumar,MY,silver,2025-06-14,655
1663,Sanjay Chan,AU,bronze,2025-06-14,9
1664,Amir Suzuki,US,bronze,2025-06-14,
1665,Nurul Brown,SG,silver,2025-06-15,940
1666,Hui Nair,SG,bronze,2025-06-15,
1667,Hui Ho,ID,bronze,2025-06-15,1375
1668,Aiko Wilson,MY,gold,2025-06-16,795
1669,Rohan Tanaka,SG,platinum,2025-06-16,1416
1670,Siti Wilson,GB,bronze,2025-06-16,
1671,Grace Wang,JP,bronze,2025-06-16,
1672,Ruby Kato,AU,bronze,2025-06-17,1451
1673,Liam Koh,IN,bronze,2025-06-17,126
1674,Hana Suzuki,ID,silver,2025-06-17,978
1675,Kai Hall,ID,silver,2025-06-18,74
1676,Emma Nair,MY,silver,2025-06-18,
1677,Sakura Wong,ID,bronze,2025-06-18,1360
1678,Hiro Schmidt,SG,bronze,2025-06-19,308
1679,Imran Ito,IN,bronze,2025-06-19,959
1680,Jia Pratama,JP,bronze,2025-06-19,
1681,Aisha Putri,GB,gold,2025-06-20,1307
1682,Grace Iyer,GB,gold,2025-06-20,1479
1683,Siti Rahman,SG,silver,2025-06-20,1557
1684,Ruby Weber,JP,silver,2025-06-21,
1685,Emma Zhang,AU,bronze,2025-06-21,
1686,Sofia Wijaya,SG,bronze,2025-06-21,
1687,Ruby Taylor,SG,silver,2025-06-22,1462
1688,Jia Suzuki,SG,gold,2025-06-22,44
1689,Li Chan,SG,bronze,2025-06-22,1438
1690,Ella Smith,MY,gold,2025-06-23,934
1691,Wei Smith,SG,platinum,2025-06-23,221
1692,Nurul Kumar,MY,bronze,2025-06-23,285
1693,Nurul Lim,ID,silver,2025-06-24,
1694,Imran Chen,SG,silver,2025-06-24,1366
1695,Ella Wijaya,JP,bronze,2025-06-24,235
1696,Sakura Lee,SG,silver,2025-06-24,1480
1697,Isla Ho,SG,silver,2025-06-25,
1698,Wei Hassan,JP,bronze,2025-06-25,538
1699,Ken Iyer,US,platinum,2025-06-25,
1700,Aiko Pratama,GB,silver,2025-06-26,
1701,Kenji Pratama,ID,bronze,2025-06-26,
1702,Kenji Hassan,ID,bronze,2025-06-26,1367
1703,Max Chan,MY,bronze,2025-06-27,
1704,Zara Gupta,ID,silver,2025-06-27,1590
1705,Chloe Weber,ID,bronze,2025-06-27,917
1706,Omar Putri,SG,bronze,2025-06-28,1236
1707,Ming Chua,MY,bronze,2025-06-28,1456
1708,Hana Pratama,JP,bronze,2025-06-28,165
1709,Hiro Wilson,AU,bronze,2025-06-29,102
1710,Wei Goh,SG,bronze,2025-06-29,1231
1711,Oliver Tanaka,SG,silver,2025-06-29,
1712,Siti Yeo,AU,bronze,2025-06-30,490
1713,Tao Smith,MY,bronze,2025-06-30,
1714,Ethan Chan,AU,bronze,2025-06-30,
1715,Tao Smith,MY,bronze,2025-07-01,608
1716,Jun Kumar,SG,platinum,2025-07-01,642
1717,Kai Iyer,SG,silver,2025-07-01,1223
1718,Tao Rahman,US,silver,2025-07-01,404
1719,Lucas Chen,ID,bronze,2025-07-02,1615
1720,Rohan Taylor,AU,silver,2025-07-02,1386
1721,Ming Wilson,SG,platinum,2025-07-02,1689
1722,Max Wang,SG,bronze,2025-07-03,734
1723,Rohan Koh,SG,bronze,2025-07-03,458
1724,Devi Tanaka,ID,bronze,2025-07-03,977
1725,Oliver Kato,AU,gold,2025-07-04,934
1726,Rahul Sharma,IN,bronze,2025-07-04,872
1727,Tao Ng,MY,bronze,2025-07-04,482
1728,Ananya Smith,SG,bronze,2025-07-05,1261
1729,Siti Chan,SG,bronze,2025-07-05,
1730,Nurul Pratama,SG,silver,2025-07-05,1245
1731,Jun Wijaya,US,bronze,2025-07-06,523
1732,Max Clark,ID,bronze,2025-07-06,
1733,Chloe Wong,GB,bronze,2025-07-06,657
1734,Isla Rahman,SG,silver,2025-07-07,229
1735,Oliver Sato,SG,bronze,2025-07-07,1162
1736,Siti Zhang,US,bronze,2025-07-07,1053
1737,Sofia Pratama,ID,silver,2025-07-08,105
1738,Kai Ng,SG,silver,2025-07-08,
1739,Vikram Ho,MY,silver,2025-07-08,1239
1740,Hana Santoso,SG,gold,2025-07-09,1482
1741,Amir Brown,SG,silver,2025-07-09,500
1742,Mia Ho,IN,bronze,2025-07-09,
1743,Arjun Lim,MY,bronze,2025-07-09,
1744,Oliver Brown,SG,bronze,2025-07-10,205
1745,Aisha Ismail,MY,silver,2025-07-10,
1746,Tao Sharma,SG,bronze,2025-07-10,
1747,Wei Zhang,MY,bronze,2025-07-11,239
1748,Arjun Abdullah,AU,bronze,2025-07-11,1116
1749,Aiko Suzuki,SG,bronze,2025-07-11,1470
1750,Devi Smith,US,bronze,2025-07-12,
1751,Farah Putri,SG,silver,2025-07-12,1724
1752,Hiro Sato,GB,bronze,2025-07-12,
1753,Siti Putri,ID,bronze,2025-07-13,574
1754,Kai Yeo,SG,silver,2025-07-13,983
1755,Isla Hall,SG,bronze,2025-07-13,918
1756,Kenji Tan,MY,bronze,2025-07-14,
1757,Kenji Ong,SG,bronze,2025-07-14,1403
1758,Yuki Hall,MY,bronze,2025-07-14,751
1759,Oliver Ito,MY,silver,2025-07-15,146
1760,Sanjay Hall,JP,bronze,2025-07-15,236
1761,Nurul Sato,US,platinum,2025-07-15,1232
1762,Tao Ong,US,gold,2025-07-16,1295
1763,Kenji Smith,AU,silver,2025-07-16,1441
1764,Isla Lee,IN,bronze,2025-07-16,193
1765,Hui Lee,ID,silver,2025-07-16,743
1766,Chloe Yeo,GB,gold,2025-07-17,361
1767,Aisha Reddy,GB,bronze,2025-07-17,1041
1768,Rahul Ng,MY,gold,2025-07-17,1324
1769,Max Lim,SG,bronze,2025-07-18,481
1770,Farah Tan,IN,silver,2025-07-18,
1771,Isla Ng,ID,silver,2025-07-18,1014
1772,Ananya Brown,ID,silver,2025-07-19,156
1773,Bao Putri,JP,bronze,2025-07-19,1360
1774,Farah Ong,SG,silver,2025-07-19,1712
1775,Amir Schmidt,SG,bronze,2025-07-20,1104
1776,Mia Wang,SG,silver,2025-07-20,786
1777,Grace Koh,US,bronze,2025-07-20,1072
1778,Chloe Lee,SG,bronze,2025-07-21,1240
1779,Liam Teo,MY,silver,2025-07-21,413
1780,Isla Nair,GB,bronze,2025-07-21,529
1781,Zara Teo,GB,silver,2025-07-22,
1782,Bao Teo,ID,bronze,2025-07-22,1357
1783,Ella Wilson,JP,bronze,2025-07-22,
1784,Hana Suzuki,MY,bronze,2025-07-23,94
1785,Ananya Goh,US,bronze,2025-07-23,115
1786,Imran Ng,IN,bronze,2025-07-23,
1787,Siti Weber,IN,bronze,2025-07-24,453
1788,Devi Rahman,SG,bronze,2025-07-24,1032
1789,Sofia Jones,SG,bronze,2025-07-24,520
1790,Yuki Muller,US,bronze,2025-07-24,
1791,Jun Ito,DE,gold,2025-07-25,
1792,Vikram Taylor,US,gold,2025-07-25,1402
1793,Noah Lim,SG,bronze,2025-07-25,
1794,Ken Smith,IN,bronze,2025-07-26,
1795,Amir Chua,MY,bronze,2025-07-26,120
1796,Lucas Ong,MY,bronze,2025-07-26,595
1797,Mia Mori,SG,bronze,2025-07-27,1375
1798,Hana Muller,MY,bronze,2025-07-27,631
1799,Leila Goh,ID,bronze,2025-07-27,
1800,Sanjay Jones,SG,bronze,2025-07-28,1517
1801,Daniel Taylor,SG,bronze,2025-07-28,
1802,Yuki Tanaka,SG,bronze,2025-07-28,
1803,Tao Sato,MY,bronze,2025-07-29,212
1804,Farah Ong,AU,bronze,2025-07-29,
1805,Hiro Gupta,SG,silver,2025-07-29,431
1806,Ming Weber,SG,bronze,2025-07-30,1796
1807,Sakura Wong,JP,gold,2025-07-30,
1808,Amir Wilson,ID,gold,2025-07-30,261
1809,Nurul Sato,GB,bronze,2025-07-31,
1810,Aisha Nair,MY,bronze,2025-07-31,
1811,Isla Pratama,MY,silver,2025-07-31,
1812,Yuki Suzuki,JP,silver,2025-07-31,834
1813,Emma Gupta,IN,bronze,2025-08-01,1211
1814,Hiro Chan,SG,silver,2025-08-01,
1815,Bao Chua,SG,silver,2025-08-01,1097
1816,Ella Sharma,AU,bronze,2025-08-02,
1817,Ella Wijaya,SG,bronze,2025-08-02,285
1818,Nurul Weber,MY,bronze,2025-08-02,
1819,Kai Lim,JP,bronze,2025-08-03,1469
1820,Ming Kumar,US,bronze,2025-08-03,356
1821,Arjun Patel,GB,bronze,2025-08-03,
1822,Ming Teo,IN,gold,2025-08-04,
1823,Hui Wijaya,ID,bronze,2025-08-04,1699
1824,Liam Clark,JP,silver,2025-08-04,1702
1825,Yuki Nair,SG,bronze,2025-08-05,
1826,Lucas Chan,AU,bronze,2025-08-05,191
1827,Chloe Goh,IN,bronze,2025-08-05,
1828,Priya Ismail,SG,bronze,2025-08-06,
1829,Aiko Teo,ID,bronze,2025-08-06,895
1830,Mia Sato,MY,bronze,2025-08-06,38
1831,Tao Muller,ID,bronze,2025-08-07,411
1832,Tao Teo,SG,bronze,2025-08-07,1405
1833,Rohan Teo,SG,silver,2025-08-07,729
1834,Mia Sato,IN,bronze,2025-08-08,
1835,Mei Wilson,IN,silver,2025-08-08,
1836,Liam Chua,MY,silver,2025-08-08,1422
1837,Farah Mori,JP,bronze,2025-08-08,709
1838,Sanjay Rahman,AU,silver,2025-08-09,
1839,Hiro Sharma,US,gold,2025-08-09,911
1840,Imran Brown,US,silver,2025-08-09,
1841,Noah Mori,MY,bronze,2025-08-10,1792
1842,Kenji Hall,ID,bronze,2025-08-10,1705
1843,Oliver Muller,IN,bronze,2025-08-10,141
1844,Grace Muller,MY,bronze,2025-08-11,
1845,Kenji Chen,US,silver,2025-08-11,654
1846,Mei Ito,MY,gold,2025-08-11,289
1847,Rahul Schmidt,IN,bronze,2025-08-12,1772
1848,Kai Taylor,SG,bronze,2025-08-12,1677
1849,Amir Wang,ID,gold,2025-08-12,1498
1850,Tao Zhang,GB,bronze,2025-08-13,1193
1851,Yuki Lim,ID,bronze,2025-08-13,91
1852,Priya Pratama,MY,bronze,2025-08-13,
1853,Ming Weber,IN,silver,2025-08-14,86
1854,Ravi Ho,SG,gold,2025-08-14,215
1855,Ken Clark,MY,bronze,2025-08-14,1535
1856,Rohan Ong,SG,bronze,2025-08-15,406
1857,Yuki Abdullah,ID,bronze,2025-08-15,1094
1858,Hana Wong,DE,bronze,2025-08-15,886
1859,Nurul Goh,JP,bronze,2025-08-15,
1860,Ruby Ismail,MY,gold,2025-08-16,
1861,Leila Putri,ID,platinum,2025-08-16,1660
1862,Ravi Nair,DE,silver,2025-08-16,
1863,Sanjay Putri,IN,silver,2025-08-17,763
1864,Li Nair,JP,silver,2025-08-17,175
1865,Ravi Muller,DE,gold,2025-08-17,1599
1866,Max Chan,ID,bronze,2025-08-18,908
1867,Bao Ong,SG,bronze,2025-08-18,1589
1868,Emma Kumar,IN,silver,2025-08-18,578
1869,Hui Reddy,AU,silver,2025-08-19,880
1870,Kenji Wijaya,MY,bronze,2025-08-19,268
1871,Hui Tanaka,JP,bronze,2025-08-19,952
1872,Zara Tan,SG,gold,2025-08-20,1630
1873,Grace Kumar,MY,bronze,2025-08-20,408
1874,Ruby Sharma,SG,bronze,2025-08-20,1581
1875,Tao Sharma,US,silver,2025-08-21,1171
1876,Rahul Koh,IN,silver,2025-08-21,708
1877,Mei Tan,MY,bronze,2025-08-21,918
1878,Bao Chan,US,gold,2025-08-22,1344
1879,Hui Kato,ID,gold,2025-08-22,968
1880,Arjun Clark,MY,gold,2025-08-22,
1881,Jia Zhang,JP,silver,2025-08-23,1643
1882,Yuki Nair,MY,silver,2025-08-23,978
1883,Aiko Lim,AU,silver,2025-08-23,700
1884,Rohan Santoso,GB,gold,2025-08-23,529
1885,Hana Nair,US,bronze,2025-08-24,
1886,Ruby Brown,DE,bronze,2025-08-24,84
1887,Noah Wijaya,SG,bronze,2025-08-24,860
1888,Emma Wilson,DE,bronze,2025-08-25,
1889,Siti Tanaka,ID,bronze,2025-08-25,1879
1890,Jia Koh,AU,silver,2025-08-25,
1891,Devi Kumar,DE,bronze,2025-08-26,
1892,Hiro Suzuki,SG,bronze,2025-08-26,
1893,Max Tanaka,ID,bronze,2025-08-26,1848
1894,Devi Santoso,ID,bronze,2025-08-27,992
1895,Siti Gupta,SG,bronze,2025-08-27,
1896,Daniel Chua,SG,bronze,2025-08-27,1403
1897,Kai Ho,IN,bronze,2025-08-28,1772
1898,Mia Zhang,ID,bronze,2025-08-28,1691
1899,Kai Ito,SG,silver,2025-08-28,
1900,Mia Teo,ID,platinum,2025-08-29,1025
1901,Mia Nair,US,gold,2025-08-29,
1902,Bao Zhang,GB,silver,2025-08-29,1743
1903,Vikram Chen,JP,bronze,2025-08-30,1726
1904,Lucas Wang,IN,bronze,2025-08-30,227
1905,Ethan Koh,US,gold,2025-08-30,1420
1906,Hiro Weber,GB,bronze,2025-08-30,948
1907,Grace Jones,ID,bronze,2025-08-31,
1908,Mei Hall,AU,silver,2025-08-31,
1909,Kai Kumar,GB,bronze,2025-08-31,1701
1910,Isla Ismail,DE,bronze,2025-09-01,
1911,Sanjay Sato,JP,silver,2025-09-01,
1912,Vikram Kato,AU,bronze,2025-09-01,723
1913,Vikram Ong,SG,gold,2025-09-02,1474
1914,Priya Chua,IN,silver,2025-09-02,299
1915,Farah Wilson,SG,bronze,2025-09-02,
1916,Chloe Iyer,SG,silver,2025-09-03,
1917,Ruby Sato,GB,bronze,2025-09-03,
1918,Amir Wang,MY,gold,2025-09-03,767
1919,Kai Kumar,SG,silver,2025-09-04,1204
1920,Sofia Kato,DE,bronze,2025-09-04,1666
1921,Ruby Wong,IN,gold,2025-09-04,1466
1922,Ananya Hassan,IN,bronze,2025-09-05,1418
1923,Ella Teo,SG,bronze,2025-09-05,504
1924,Zara Wang,IN,bronze,2025-09-05,
1925,Ruby Ong,AU,gold,2025-09-06,1797
1926,Priya Ong,DE,bronze,2025-09-06,
1927,Ruby Pratama,ID,bronze,2025-09-06,722
1928,Vikram Smith,MY,bronze,2025-09-07,1074
1929,Jia Koh,DE,bronze,2025-09-07,458
1930,Liam Hassan,AU,bronze,2025-09-07,710
1931,Ruby Sharma,ID,gold,2025-09-07,1150
1932,Ruby Smith,SG,bronze,2025-09-08,430
1933,Amir Schmidt,ID,silver,2025-09-08,1628
1934,Jia Lee,ID,silver,2025-09-08,212
1935,Grace Tanaka,MY,bronze,2025-09-09,1155
1936,Ravi Abdullah,IN,silver,2025-09-09,415
1937,Ravi Muller,MY,bronze,2025-09-09,37
1938,Amir Goh,AU,bronze,2025-09-10,1017
1939,Jun Patel,GB,gold,2025-09-10,
1940,Li Clark,SG,bronze,2025-09-10,1766
1941,Isla Singh,JP,silver,2025-09-11,565
1942,Ethan Kato,SG,gold,2025-09-11,
1943,Bao Clark,JP,gold,2025-09-11,158
1944,Lucas Kato,MY,gold,2025-09-12,
1945,Jun Sharma,SG,bronze,2025-09-12,
1946,Bao Suzuki,MY,silver,2025-09-12,213
1947,Emma Iyer,SG,silver,2025-09-13,639
1948,Farah Singh,ID,gold,2025-09-13,1079
1949,Kenji Reddy,SG,silver,2025-09-13,672
1950,Rahul Wong,AU,silver,2025-09-14,
1951,Leila Chen,SG,silver,2025-09-14,1896
1952,Ken Koh,IN,silver,2025-09-14,463
1953,Aisha Wong,MY,gold,2025-09-14,1042
1954,Hana Ismail,SG,gold,2025-09-15,
1955,Rahul Jones,SG,silver,2025-09-15,219
1956,Hiro Jones,ID,bronze,2025-09-15,1157
1957,Jia Santoso,MY,bronze,2025-09-16,
1958,Ming Ismail,MY,bronze,2025-09-16,1474
1959,Ethan Suzuki,US,bronze,2025-09-16,1712
1960,Kenji Sato,US,silver,2025-09-17,902
1961,Jia Putri,IN,bronze,2025-09-17,257
1962,Kai Chua,DE,silver,2025-09-17,607
1963,Ken Mori,SG,silver,2025-09-18,660
1964,Bao Hassan,SG,gold,2025-09-18,851
1965,Mia Weber,SG,silver,2025-09-18,
1966,Ethan Ho,GB,bronze,2025-09-19,
1967,Ravi Kato,MY,silver,2025-09-19,538
1968,Ruby Sharma,ID,platinum,2025-09-19,148
1969,Isla Clark,SG,gold,2025-09-20,
1970,Chloe Tanaka,JP,bronze,2025-09-20,31
1971,Mia Singh,US,bronze,2025-09-20,
1972,Zara Suzuki,US,gold,2025-09-21,379
1973,Sanjay Wang,ID,silver,2025-09-21,1604
1974,Ella Kato,SG,bronze,2025-09-21,1579
1975,Ravi Wang,IN,silver,2025-09-22,345
1976,Ravi Wang,SG,platinum,2025-09-22,
1977,Vikram Teo,SG,bronze,2025-09-22,
1978,Arjun Mori,GB,silver,2025-09-22,
1979,Liam Ismail,SG,bronze,2025-09-23,341
1980,Daniel Teo,IN,bronze,2025-09-23,1467
1981,Siti Lee,ID,silver,2025-09-23,881
1982,Lucas Tanaka,SG,bronze,2025-09-24,1575
1983,Ethan Iyer,MY,bronze,2025-09-24,
1984,Rahul Suzuki,MY,gold,2025-09-24,891
1985,Amir Muller,GB,bronze,2025-09-25,790
1986,Chloe Pratama,SG,bronze,2025-09-25,204
1987,Leila Weber,DE,bronze,2025-09-25,1004
1988,Sanjay Abdullah,SG,silver,2025-09-26,1445
1989,Kai Santoso,GB,silver,2025-09-26,99
1990,Ravi Hassan,IN,gold,2025-09-26,1221
1991,Priya Putri,MY,silver,2025-09-27,1443
1992,Hana Singh,MY,silver,2025-09-27,
1993,Nurul Nair,US,bronze,2025-09-27,
1994,Arjun Patel,US,silver,2025-09-28,
1995,Aisha Hassan,SG,bronze,2025-09-28,
1996,Kenji Mori,SG,bronze,2025-09-28,145
1997,Mei Jones,SG,silver,2025-09-29,
1998,Kenji Putri,AU,bronze,2025-09-29,2000
1999,Noah Weber,ID,silver,2025-09-29,1998
2000,Hana Chua,ID,silver,2025-09-30,1999
